dataset_path,record_id,source_id,decision,reason,evidence_sha256,replacement_record_id,replacement_source_id,replacement_value_sha256,reviewed_at,reviewer,affected_outputs
activity_schedule.csv,BASE.TO.PROF.HYBRID.2025|BUILDING.RESIDENTIAL.M2.YEAR|professional,SRC.IEA.NRCAN.BUILDINGS.2024,verified,Canonical record reviewed against its registered source and verified retrieval ledger; declared provenance and publication surfaces are retained.,20dd660eed35fa329e076ba1a4a306e2e01916fe2d42495de74839c5245ab90c,,,,2026-08-17T17:00:00+00:00,audit/dataflow-integrity,derive|web-calculator|web-catalog|package
activity_schedule.csv,BASE.TO.PROF.HYBRID.2025|CONF.AUDIO.PER_PARTICIPANT_HOUR|professional,SRC.SCOPE3.DATA_TRANSFER.2024,verified,Canonical record reviewed against its registered source and verified retrieval ledger; declared provenance and publication surfaces are retained.,09c70d3cb80ee558ccf2359a6a888c12eb725398f66688db5985d2410edf08f1,,,,2026-08-17T17:00:00+00:00,audit/dataflow-integrity,derive|web-calculator|web-catalog|package
activity_schedule.csv,BASE.TO.PROF.HYBRID.2025|FOOD.MEAL.BEEF.SERVING|professional,SRC.POORE2018,verified,Canonical record reviewed against its registered source and verified retrieval ledger; declared provenance and publication surfaces are retained.,998b037a86d42a35e2f95a7731c0ed30cd1ff5564b4f87b346ac587bb1036a36,,,,2026-08-17T17:00:00+00:00,audit/dataflow-integrity,derive|web-calculator|web-catalog|package
activity_schedule.csv,BASE.TO.PROF.HYBRID.2025|FOOD.MEAL.CHICKEN.SERVING|professional,SRC.POORE2018,verified,Canonical record reviewed against its registered source and verified retrieval ledger; declared provenance and publication surfaces are retained.,998b037a86d42a35e2f95a7731c0ed30cd1ff5564b4f87b346ac587bb1036a36,,,,2026-08-17T17:00:00+00:00,audit/dataflow-integrity,derive|web-calculator|web-catalog|package
activity_schedule.csv,BASE.TO.PROF.HYBRID.2025|FOOD.MEAL.VEG.SERVING|professional,SRC.POORE2018,verified,Canonical record reviewed against its registered source and verified retrieval ledger; declared provenance and publication surfaces are retained.,998b037a86d42a35e2f95a7731c0ed30cd1ff5564b4f87b346ac587bb1036a36,,,,2026-08-17T17:00:00+00:00,audit/dataflow-integrity,derive|web-calculator|web-catalog|package
activity_schedule.csv,BASE.TO.PROF.HYBRID.2025|MEDIA.STREAM.HD.HOUR|professional,SRC.DIMPACT.STREAMING.2022,verified,Canonical record reviewed against its registered source and verified retrieval ledger; declared provenance and publication surfaces are retained.,eecc9b96eaa32eb1d932a6435cd530fcbf8329c02529995b19c4f241bf939b7b,,,,2026-08-17T17:00:00+00:00,audit/dataflow-integrity,derive|web-calculator|web-catalog|package
activity_schedule.csv,BASE.TO.PROF.HYBRID.2025|MUSIC.STREAM.STANDARD.HOUR|professional,SRC.DIMPACT.STREAMING.2022,verified,Canonical record reviewed against its registered source and verified retrieval ledger; declared provenance and publication surfaces are retained.,eecc9b96eaa32eb1d932a6435cd530fcbf8329c02529995b19c4f241bf939b7b,,,,2026-08-17T17:00:00+00:00,audit/dataflow-integrity,derive|web-calculator|web-catalog|package
activity_schedule.csv,BASE.TO.PROF.HYBRID.2025|REFR.APPL.FRIDGE.OP.YEAR|professional,SRC.IEA.NRCAN.BUILDINGS.2024,verified,Canonical record reviewed against its registered source and verified retrieval ledger; declared provenance and publication surfaces are retained.,20dd660eed35fa329e076ba1a4a306e2e01916fe2d42495de74839c5245ab90c,,,,2026-08-17T17:00:00+00:00,audit/dataflow-integrity,derive|web-calculator|web-catalog|package
activity_schedule.csv,BASE.TO.PROF.HYBRID.2025|SOCIAL.INSTAGRAM.HOUR|professional,SRC.DIMPACT.STREAMING.2022,verified,Canonical record reviewed against its registered source and verified retrieval ledger; declared provenance and publication surfaces are retained.,eecc9b96eaa32eb1d932a6435cd530fcbf8329c02529995b19c4f241bf939b7b,,,,2026-08-17T17:00:00+00:00,audit/dataflow-integrity,derive|web-calculator|web-catalog|package
activity_schedule.csv,BASE.TO.PROF.HYBRID.2025|SOCIAL.LINKEDIN.HOUR|professional,SRC.DIMPACT.STREAMING.2022,verified,Canonical record reviewed against its registered source and verified retrieval ledger; declared provenance and publication surfaces are retained.,eecc9b96eaa32eb1d932a6435cd530fcbf8329c02529995b19c4f241bf939b7b,,,,2026-08-17T17:00:00+00:00,audit/dataflow-integrity,derive|web-calculator|web-catalog|package
activity_schedule.csv,BASE.TO.PROF.HYBRID.2025|SOCIAL.TWITTER.HOUR|professional,SRC.DIMPACT.STREAMING.2022,verified,Canonical record reviewed against its registered source and verified retrieval ledger; declared provenance and publication surfaces are retained.,eecc9b96eaa32eb1d932a6435cd530fcbf8329c02529995b19c4f241bf939b7b,,,,2026-08-17T17:00:00+00:00,audit/dataflow-integrity,derive|web-calculator|web-catalog|package
activity_schedule.csv,BASE.TO.PROF.HYBRID.2025|SOCIAL.YOUTUBE.HOUR|professional,SRC.DIMPACT.STREAMING.2022,verified,Canonical record reviewed against its registered source and verified retrieval ledger; declared provenance and publication surfaces are retained.,eecc9b96eaa32eb1d932a6435cd530fcbf8329c02529995b19c4f241bf939b7b,,,,2026-08-17T17:00:00+00:00,audit/dataflow-integrity,derive|web-calculator|web-catalog|package
activity_schedule.csv,BASE.TO.PROF.HYBRID.2025|TRAN.SCHOOLRUN.BIKE.KM|professional,SRC.NRCAN.FREIGHT.2024,verified,Canonical record reviewed against its registered source and verified retrieval ledger; declared provenance and publication surfaces are retained.,5b3f2c37dad949db72123dfcb4d6055177b58e938abefca59e7640918679eda7,,,,2026-08-17T17:00:00+00:00,audit/dataflow-integrity,derive|web-calculator|web-catalog|package
activity_schedule.csv,BASE.TO.PROF.HYBRID.2025|TRAN.SCHOOLRUN.CAR.KM|professional,SRC.NRCAN.FREIGHT.2024,verified,Canonical record reviewed against its registered source and verified retrieval ledger; declared provenance and publication surfaces are retained.,5b3f2c37dad949db72123dfcb4d6055177b58e938abefca59e7640918679eda7,,,,2026-08-17T17:00:00+00:00,audit/dataflow-integrity,derive|web-calculator|web-catalog|package
activity_schedule.csv,BASE.TO.PROF.HYBRID.2025|TRAN.TTC.SUBWAY.KM|professional,SRC.NRCAN.FREIGHT.2024,verified,Canonical record reviewed against its registered source and verified retrieval ledger; declared provenance and publication surfaces are retained.,5b3f2c37dad949db72123dfcb4d6055177b58e938abefca59e7640918679eda7,,,,2026-08-17T17:00:00+00:00,audit/dataflow-integrity,derive|web-calculator|web-catalog|package
activity_schedule.csv,DEF.CA.GARRISON.2025|MIL.BASE.M2.YEAR|buildings_defense,SRC.SIPRI.2024,verified,Canonical record reviewed against its registered source and verified retrieval ledger; declared provenance and publication surfaces are retained.,778008d6dbf7a7503a3140d36a645cd525407f3ae0b8f7c18e4402f4750dc319,,,,2026-08-17T17:00:00+00:00,audit/dataflow-integrity,derive|web-calculator|web-catalog|package
activity_schedule.csv,DEF.CA.GARRISON.2025|MIL.FLIGHT.PKM|industrial_heavy_military,SRC.IEA.AVIATION.2023,verified,Canonical record reviewed against its registered source and verified retrieval ledger; declared provenance and publication surfaces are retained.,faa891e8a6987ec6a6825a282bf6cd565d27f8fbbc69f9165fd34b6e6cc072db,,,,2026-08-17T17:00:00+00:00,audit/dataflow-integrity,derive|web-calculator|web-catalog|package
activity_schedule.csv,DEF.CA.GARRISON.2025|MIL.MUNITIONS.DETONATED.TONNE|industrial_heavy_military,SRC.SIPRI.2024,verified,Canonical record reviewed against its registered source and verified retrieval ledger; declared provenance and publication surfaces are retained.,778008d6dbf7a7503a3140d36a645cd525407f3ae0b8f7c18e4402f4750dc319,,,,2026-08-17T17:00:00+00:00,audit/dataflow-integrity,derive|web-calculator|web-catalog|package
activity_schedule.csv,DEF.CA.GARRISON.2025|MIL.NAVAL.TONNEKM|industrial_heavy_military,SRC.IMO.ICCT.SHIPPING.2023,verified,Canonical record reviewed against its registered source and verified retrieval ledger; declared provenance and publication surfaces are retained.,69aa19fa18a70ff6d5e507ab3322e89b8ae52c26d3f24dd4a5cca6de5c718e54,,,,2026-08-17T17:00:00+00:00,audit/dataflow-integrity,derive|web-calculator|web-catalog|package
activity_schedule.csv,DEF.CA.GARRISON.2025|MIL.VEHICLE.KM|industrial_heavy_military,SRC.SIPRI.2024,verified,Canonical record reviewed against its registered source and verified retrieval ledger; declared provenance and publication surfaces are retained.,778008d6dbf7a7503a3140d36a645cd525407f3ae0b8f7c18e4402f4750dc319,,,,2026-08-17T17:00:00+00:00,audit/dataflow-integrity,derive|web-calculator|web-catalog|package
activity_schedule.csv,DEF.CA.INFRASTRUCTURE.2025|BUILDING.MILITARY.M2.YEAR|buildings_defense,SRC.IEA.NRCAN.BUILDINGS.2024,verified,Canonical record reviewed against its registered source and verified retrieval ledger; declared provenance and publication surfaces are retained.,20dd660eed35fa329e076ba1a4a306e2e01916fe2d42495de74839c5245ab90c,,,,2026-08-17T17:00:00+00:00,audit/dataflow-integrity,derive|web-calculator|web-catalog|package
activity_schedule.csv,DEF.CA.INFRASTRUCTURE.2025|ENERGY.KWH.DELIVERED|buildings_defense,SRC.SIPRI.2024,verified,Canonical record reviewed against its registered source and verified retrieval ledger; declared provenance and publication surfaces are retained.,778008d6dbf7a7503a3140d36a645cd525407f3ae0b8f7c18e4402f4750dc319,,,,2026-08-17T17:00:00+00:00,audit/dataflow-integrity,derive|web-calculator|web-catalog|package
activity_schedule.csv,DEF.CA.INFRASTRUCTURE.2025|MIL.DEPOT.M2.YEAR|buildings_defense,SRC.SIPRI.2024,verified,Canonical record reviewed against its registered source and verified retrieval ledger; declared provenance and publication surfaces are retained.,778008d6dbf7a7503a3140d36a645cd525407f3ae0b8f7c18e4402f4750dc319,,,,2026-08-17T17:00:00+00:00,audit/dataflow-integrity,derive|web-calculator|web-catalog|package
activity_schedule.csv,EARTH.CA.BIOSPHERE.2025|CRYO.ALBEDO.LOSS.WM2|biosphere_feedbacks,SRC.NASA.CRYO.2023,verified,Canonical record reviewed against its registered source and verified retrieval ledger; declared provenance and publication surfaces are retained.,558861f48630fc21e2df6965720da37c71f213886b6f42dd79a6dee4a0fad235,,,,2026-08-17T17:00:00+00:00,audit/dataflow-integrity,derive|web-calculator|web-catalog|package
activity_schedule.csv,EARTH.CA.BIOSPHERE.2025|OCEAN.ACIDIFICATION.PH.DEC|biosphere_feedbacks,SRC.NOAA.OCEAN.2023,verified,Canonical record reviewed against its registered source and verified retrieval ledger; declared provenance and publication surfaces are retained.,0856db4fa960ef6b9fd2154ecb5a4407ed4e54b987e9f2686698092e0f32f500,,,,2026-08-17T17:00:00+00:00,audit/dataflow-integrity,derive|web-calculator|web-catalog|package
activity_schedule.csv,EARTH.CA.BIOSPHERE.2025|OCEAN.CO2.UPTAKE.PGCO2|biosphere_feedbacks,SRC.NOAA.OCEAN.2023,verified,Canonical record reviewed against its registered source and verified retrieval ledger; declared provenance and publication surfaces are retained.,0856db4fa960ef6b9fd2154ecb5a4407ed4e54b987e9f2686698092e0f32f500,,,,2026-08-17T17:00:00+00:00,audit/dataflow-integrity,derive|web-calculator|web-catalog|package
activity_schedule.csv,EARTH.CA.BIOSPHERE.2025|PERMAFROST.EMISSIONS.PGCO2E|biosphere_feedbacks,SRC.ECCC.PERMAFROST.2023,verified,Canonical record reviewed against its registered source and verified retrieval ledger; declared provenance and publication surfaces are retained.,6f409f79ce578d6b0aa0b96017fae6b4fa6f99b74cc07534cdbfb62799000d49,,,,2026-08-17T17:00:00+00:00,audit/dataflow-integrity,derive|web-calculator|web-catalog|package
activity_schedule.csv,EARTH.CA.BIOSPHERE.2025|RIVER.HYPOXIA.KM2.YEAR|biosphere_feedbacks,SRC.RIVER.HYPOXIA.2020,verified,Canonical record reviewed against its registered source and verified retrieval ledger; declared provenance and publication surfaces are retained.,8eca23616c6ec1ae39eb18690ae148f16ea047ef058bfc36a9b2864c90e4b49f,,,,2026-08-17T17:00:00+00:00,audit/dataflow-integrity,derive|web-calculator|web-catalog|package
activity_schedule.csv,IND.TO.HEAVY.2025|AGRI.BEEF.CARCASS.KG|industrial_heavy,SRC.POORE2018,verified,Canonical record reviewed against its registered source and verified retrieval ledger; declared provenance and publication surfaces are retained.,998b037a86d42a35e2f95a7731c0ed30cd1ff5564b4f87b346ac587bb1036a36,,,,2026-08-17T17:00:00+00:00,audit/dataflow-integrity,derive|web-calculator|web-catalog|package
activity_schedule.csv,IND.TO.HEAVY.2025|ENERGY.GASOLINE.LITRE|industrial_heavy,SRC.GHG.PROTOCOL.2015,verified,Canonical record reviewed against its registered source and verified retrieval ledger; declared provenance and publication surfaces are retained.,266854135e42f48d14b8f99c6784905f2aaaeba11fb384f65c58b676c55f69f0,,,,2026-08-17T17:00:00+00:00,audit/dataflow-integrity,derive|web-calculator|web-catalog|package
activity_schedule.csv,IND.TO.HEAVY.2025|ENERGY.KWH.DELIVERED|industrial_heavy,SRC.GHG.PROTOCOL.2015,verified,Canonical record reviewed against its registered source and verified retrieval ledger; declared provenance and publication surfaces are retained.,266854135e42f48d14b8f99c6784905f2aaaeba11fb384f65c58b676c55f69f0,,,,2026-08-17T17:00:00+00:00,audit/dataflow-integrity,derive|web-calculator|web-catalog|package
activity_schedule.csv,IND.TO.HEAVY.2025|ENERGY.NATGAS.M3|industrial_heavy,SRC.GHG.PROTOCOL.2015,verified,Canonical record reviewed against its registered source and verified retrieval ledger; declared provenance and publication surfaces are retained.,266854135e42f48d14b8f99c6784905f2aaaeba11fb384f65c58b676c55f69f0,,,,2026-08-17T17:00:00+00:00,audit/dataflow-integrity,derive|web-calculator|web-catalog|package
activity_schedule.csv,IND.TO.HEAVY.2025|IND_HEAVY.CEMENT.CLINKER.TONNE|industrial_heavy,SRC.GNR.2023,verified,Canonical record reviewed against its registered source and verified retrieval ledger; declared provenance and publication surfaces are retained.,38a0d563297fce8c0f0c100ae6051c7d4e591c7367e3f3367dbbb811e6ca463d,,,,2026-08-17T17:00:00+00:00,audit/dataflow-integrity,derive|web-calculator|web-catalog|package
activity_schedule.csv,IND.TO.HEAVY.2025|IND_HEAVY.MINING.HAUL.TRUCK.HOUR|industrial_heavy,SRC.NRCAN.FREIGHT.2024,verified,Canonical record reviewed against its registered source and verified retrieval ledger; declared provenance and publication surfaces are retained.,5b3f2c37dad949db72123dfcb4d6055177b58e938abefca59e7640918679eda7,,,,2026-08-17T17:00:00+00:00,audit/dataflow-integrity,derive|web-calculator|web-catalog|package
activity_schedule.csv,IND.TO.HEAVY.2025|IND_HEAVY.REFINING.FIRED_UNIT.MMBTU|industrial_heavy,SRC.GHG.PROTOCOL.2015,verified,Canonical record reviewed against its registered source and verified retrieval ledger; declared provenance and publication surfaces are retained.,266854135e42f48d14b8f99c6784905f2aaaeba11fb384f65c58b676c55f69f0,,,,2026-08-17T17:00:00+00:00,audit/dataflow-integrity,derive|web-calculator|web-catalog|package
activity_schedule.csv,IND.TO.HEAVY.2025|IND_HEAVY.STEEL.EAF.TONNE|industrial_heavy,SRC.WORLDSTEEL.2023,verified,Canonical record reviewed against its registered source and verified retrieval ledger; declared provenance and publication surfaces are retained.,21b843892784b91d4bd3f7e3f0f23cb092f31fabe10319e5029672a4ee9a9e3a,,,,2026-08-17T17:00:00+00:00,audit/dataflow-integrity,derive|web-calculator|web-catalog|package
activity_schedule.csv,IND.TO.HEAVY.2025|LOGI.AIR.TONNEKM|industrial_heavy,SRC.IMO.ICCT.SHIPPING.2023,verified,Canonical record reviewed against its registered source and verified retrieval ledger; declared provenance and publication surfaces are retained.,69aa19fa18a70ff6d5e507ab3322e89b8ae52c26d3f24dd4a5cca6de5c718e54,,,,2026-08-17T17:00:00+00:00,audit/dataflow-integrity,derive|web-calculator|web-catalog|package
activity_schedule.csv,IND.TO.HEAVY.2025|LOGI.SHIPPING.BULK.TONNEKM|industrial_heavy,SRC.IMO.ICCT.SHIPPING.2023,verified,Canonical record reviewed against its registered source and verified retrieval ledger; declared provenance and publication surfaces are retained.,69aa19fa18a70ff6d5e507ab3322e89b8ae52c26d3f24dd4a5cca6de5c718e54,,,,2026-08-17T17:00:00+00:00,audit/dataflow-integrity,derive|web-calculator|web-catalog|package
activity_schedule.csv,IND.TO.HEAVY.2025|LOGI.SHIPPING.CONTAINER.TONNEKM|industrial_heavy,SRC.IMO.ICCT.SHIPPING.2023,verified,Canonical record reviewed against its registered source and verified retrieval ledger; declared provenance and publication surfaces are retained.,69aa19fa18a70ff6d5e507ab3322e89b8ae52c26d3f24dd4a5cca6de5c718e54,,,,2026-08-17T17:00:00+00:00,audit/dataflow-integrity,derive|web-calculator|web-catalog|package
activity_schedule.csv,IND.TO.HEAVY.2025|LOGI.TRUCK.TONNEKM|industrial_heavy,SRC.IMO.ICCT.SHIPPING.2023,verified,Canonical record reviewed against its registered source and verified retrieval ledger; declared provenance and publication surfaces are retained.,69aa19fa18a70ff6d5e507ab3322e89b8ae52c26d3f24dd4a5cca6de5c718e54,,,,2026-08-17T17:00:00+00:00,audit/dataflow-integrity,derive|web-calculator|web-catalog|package
activity_schedule.csv,IND.TO.HEAVY.2025|MATERIAL.CEMENT.CLINKER.TONNE|industrial_heavy,SRC.GNR.2023,verified,Canonical record reviewed against its registered source and verified retrieval ledger; declared provenance and publication surfaces are retained.,38a0d563297fce8c0f0c100ae6051c7d4e591c7367e3f3367dbbb811e6ca463d,,,,2026-08-17T17:00:00+00:00,audit/dataflow-integrity,derive|web-calculator|web-catalog|package
activity_schedule.csv,IND.TO.HEAVY.2025|MATERIAL.PET.VIRGIN.TONNE|industrial_heavy,SRC.PLASTICSEUROPE.2022,verified,Canonical record reviewed against its registered source and verified retrieval ledger; declared provenance and publication surfaces are retained.,80d55f585138d6961d83dcb54f14bc38ac234edb498d95d347312b2daa423f04,,,,2026-08-17T17:00:00+00:00,audit/dataflow-integrity,derive|web-calculator|web-catalog|package
activity_schedule.csv,IND.TO.HEAVY.2025|MATERIAL.STEEL.CRUDESLAB.TONNE|industrial_heavy,SRC.WORLDSTEEL.2023,verified,Canonical record reviewed against its registered source and verified retrieval ledger; declared provenance and publication surfaces are retained.,21b843892784b91d4bd3f7e3f0f23cb092f31fabe10319e5029672a4ee9a9e3a,,,,2026-08-17T17:00:00+00:00,audit/dataflow-integrity,derive|web-calculator|web-catalog|package
activity_schedule.csv,IND_EXT.CA.BASELINE.2025|AMD.ACID.DRAINAGE.M3.YEAR|industrial_externalities,SRC.INTL.MINING.2022,verified,Canonical record reviewed against its registered source and verified retrieval ledger; declared provenance and publication surfaces are retained.,1f60d54d321ee7a8a6b38235a939111e73de5a1564e5e1d20d702c0c0db3ff3a,,,,2026-08-17T17:00:00+00:00,audit/dataflow-integrity,derive|web-calculator|web-catalog|package
activity_schedule.csv,IND_EXT.CA.BASELINE.2025|TAILINGS.DEGASS.EVENT|industrial_externalities,SRC.INTL.MINING.2022,verified,Canonical record reviewed against its registered source and verified retrieval ledger; declared provenance and publication surfaces are retained.,1f60d54d321ee7a8a6b38235a939111e73de5a1564e5e1d20d702c0c0db3ff3a,,,,2026-08-17T17:00:00+00:00,audit/dataflow-integrity,derive|web-calculator|web-catalog|package
activity_schedule.csv,IND_EXT.CA.BASELINE.2025|TAILINGS.POND.M2.YEAR|industrial_externalities,SRC.INTL.MINING.2022,verified,Canonical record reviewed against its registered source and verified retrieval ledger; declared provenance and publication surfaces are retained.,1f60d54d321ee7a8a6b38235a939111e73de5a1564e5e1d20d702c0c0db3ff3a,,,,2026-08-17T17:00:00+00:00,audit/dataflow-integrity,derive|web-calculator|web-catalog|package
activity_schedule.csv,IND_LIGHT.ON.CONSTRUCTION.2025|ENERGY.KWH.DELIVERED|industrial_light,SRC.GHG.PROTOCOL.2015,verified,Canonical record reviewed against its registered source and verified retrieval ledger; declared provenance and publication surfaces are retained.,266854135e42f48d14b8f99c6784905f2aaaeba11fb384f65c58b676c55f69f0,,,,2026-08-17T17:00:00+00:00,audit/dataflow-integrity,derive|web-calculator|web-catalog|package
activity_schedule.csv,IND_LIGHT.ON.CONSTRUCTION.2025|MATERIAL.CEMENT.KG|industrial_light,SRC.GNR.2023,verified,Canonical record reviewed against its registered source and verified retrieval ledger; declared provenance and publication surfaces are retained.,38a0d563297fce8c0f0c100ae6051c7d4e591c7367e3f3367dbbb811e6ca463d,,,,2026-08-17T17:00:00+00:00,audit/dataflow-integrity,derive|web-calculator|web-catalog|package
activity_schedule.csv,IND_LIGHT.ON.CONSTRUCTION.2025|TRAN.CONSTRUCT.TRUCK.KM|industrial_light,SRC.NRCAN.FREIGHT.2024,verified,Canonical record reviewed against its registered source and verified retrieval ledger; declared provenance and publication surfaces are retained.,5b3f2c37dad949db72123dfcb4d6055177b58e938abefca59e7640918679eda7,,,,2026-08-17T17:00:00+00:00,audit/dataflow-integrity,derive|web-calculator|web-catalog|package
activity_schedule.csv,IND_LIGHT.ON.LOGISTICS.2025|AGRI.POULTRY.READY.KG|industrial_light,SRC.POORE2018,verified,Canonical record reviewed against its registered source and verified retrieval ledger; declared provenance and publication surfaces are retained.,998b037a86d42a35e2f95a7731c0ed30cd1ff5564b4f87b346ac587bb1036a36,,,,2026-08-17T17:00:00+00:00,audit/dataflow-integrity,derive|web-calculator|web-catalog|package
activity_schedule.csv,IND_LIGHT.ON.LOGISTICS.2025|FOOD.COFFEE.ROASTED.KG|industrial_light,SRC.POORE2018,verified,Canonical record reviewed against its registered source and verified retrieval ledger; declared provenance and publication surfaces are retained.,998b037a86d42a35e2f95a7731c0ed30cd1ff5564b4f87b346ac587bb1036a36,,,,2026-08-17T17:00:00+00:00,audit/dataflow-integrity,derive|web-calculator|web-catalog|package
activity_schedule.csv,IND_LIGHT.ON.LOGISTICS.2025|LOGI.PARCEL.URBAN|industrial_light,SRC.NRCAN.FREIGHT.2024,verified,Canonical record reviewed against its registered source and verified retrieval ledger; declared provenance and publication surfaces are retained.,5b3f2c37dad949db72123dfcb4d6055177b58e938abefca59e7640918679eda7,,,,2026-08-17T17:00:00+00:00,audit/dataflow-integrity,derive|web-calculator|web-catalog|package
activity_schedule.csv,IND_LIGHT.ON.LOGISTICS.2025|MUNI.WASTE.INCINERATION.KG|industrial_light,SRC.GHG.PROTOCOL.2015,verified,Canonical record reviewed against its registered source and verified retrieval ledger; declared provenance and publication surfaces are retained.,266854135e42f48d14b8f99c6784905f2aaaeba11fb384f65c58b676c55f69f0,,,,2026-08-17T17:00:00+00:00,audit/dataflow-integrity,derive|web-calculator|web-catalog|package
activity_schedule.csv,IND_LIGHT.ON.LOGISTICS.2025|MUNI.WASTE.LANDFILL.KG|industrial_light,SRC.GHG.PROTOCOL.2015,verified,Canonical record reviewed against its registered source and verified retrieval ledger; declared provenance and publication surfaces are retained.,266854135e42f48d14b8f99c6784905f2aaaeba11fb384f65c58b676c55f69f0,,,,2026-08-17T17:00:00+00:00,audit/dataflow-integrity,derive|web-calculator|web-catalog|package
activity_schedule.csv,IND_LIGHT.ON.LOGISTICS.2025|MUNI.WATER.POTABLE.M3|industrial_light,SRC.GHG.PROTOCOL.2015,verified,Canonical record reviewed against its registered source and verified retrieval ledger; declared provenance and publication surfaces are retained.,266854135e42f48d14b8f99c6784905f2aaaeba11fb384f65c58b676c55f69f0,,,,2026-08-17T17:00:00+00:00,audit/dataflow-integrity,derive|web-calculator|web-catalog|package
activity_schedule.csv,IND_LIGHT.ON.LOGISTICS.2025|REFR.APPL.FRIDGE.UNIT|industrial_light,SRC.IEA.NRCAN.BUILDINGS.2024,verified,Canonical record reviewed against its registered source and verified retrieval ledger; declared provenance and publication surfaces are retained.,20dd660eed35fa329e076ba1a4a306e2e01916fe2d42495de74839c5245ab90c,,,,2026-08-17T17:00:00+00:00,audit/dataflow-integrity,derive|web-calculator|web-catalog|package
activity_schedule.csv,IND_LIGHT.ON.LOGISTICS.2025|REFR.COLDCHAIN.SUPERMARKET.KG|industrial_light,SRC.IEA.NRCAN.BUILDINGS.2024,verified,Canonical record reviewed against its registered source and verified retrieval ledger; declared provenance and publication surfaces are retained.,20dd660eed35fa329e076ba1a4a306e2e01916fe2d42495de74839c5245ab90c,,,,2026-08-17T17:00:00+00:00,audit/dataflow-integrity,derive|web-calculator|web-catalog|package
activity_schedule.csv,IND_LIGHT.ON.LOGISTICS.2025|REFR.HVAC.AC.OP.YEAR|industrial_light,SRC.IEA.NRCAN.BUILDINGS.2024,verified,Canonical record reviewed against its registered source and verified retrieval ledger; declared provenance and publication surfaces are retained.,20dd660eed35fa329e076ba1a4a306e2e01916fe2d42495de74839c5245ab90c,,,,2026-08-17T17:00:00+00:00,audit/dataflow-integrity,derive|web-calculator|web-catalog|package
activity_schedule.csv,IND_LIGHT.ON.LOGISTICS.2025|REFR.HVAC.AC.UNIT|industrial_light,SRC.IEA.NRCAN.BUILDINGS.2024,verified,Canonical record reviewed against its registered source and verified retrieval ledger; declared provenance and publication surfaces are retained.,20dd660eed35fa329e076ba1a4a306e2e01916fe2d42495de74839c5245ab90c,,,,2026-08-17T17:00:00+00:00,audit/dataflow-integrity,derive|web-calculator|web-catalog|package
activity_schedule.csv,IND_LIGHT.ON.LOGISTICS.2025|TRAN.DELIVERY.TRUCK.CLASS6.KM|industrial_light,SRC.NRCAN.FREIGHT.2024,verified,Canonical record reviewed against its registered source and verified retrieval ledger; declared provenance and publication surfaces are retained.,5b3f2c37dad949db72123dfcb4d6055177b58e938abefca59e7640918679eda7,,,,2026-08-17T17:00:00+00:00,audit/dataflow-integrity,derive|web-calculator|web-catalog|package
activity_schedule.csv,IND_LIGHT.ON.LOGISTICS.2025|TRAN.FLIGHT.LONGHAUL.PKM|industrial_light,SRC.IEA.AVIATION.2023,verified,Canonical record reviewed against its registered source and verified retrieval ledger; declared provenance and publication surfaces are retained.,faa891e8a6987ec6a6825a282bf6cd565d27f8fbbc69f9165fd34b6e6cc072db,,,,2026-08-17T17:00:00+00:00,audit/dataflow-integrity,derive|web-calculator|web-catalog|package
activity_schedule.csv,IND_LIGHT.ON.LOGISTICS.2025|TRAN.FLIGHT.SHORTHAUL.PKM|industrial_light,SRC.IEA.AVIATION.2023,verified,Canonical record reviewed against its registered source and verified retrieval ledger; declared provenance and publication surfaces are retained.,faa891e8a6987ec6a6825a282bf6cd565d27f8fbbc69f9165fd34b6e6cc072db,,,,2026-08-17T17:00:00+00:00,audit/dataflow-integrity,derive|web-calculator|web-catalog|package
activity_schedule.csv,MAT.CA.LABS.2025|CHEM.POLYMER.TONNE|materials_chemicals,SRC.PLASTICSEUROPE.2022,verified,Canonical record reviewed against its registered source and verified retrieval ledger; declared provenance and publication surfaces are retained.,80d55f585138d6961d83dcb54f14bc38ac234edb498d95d347312b2daa423f04,,,,2026-08-17T17:00:00+00:00,audit/dataflow-integrity,derive|web-calculator|web-catalog|package
activity_schedule.csv,MAT.CA.LABS.2025|CHEM.RDX.TONNE|materials_chemicals,SRC.GHG.PROTOCOL.2015,verified,Canonical record reviewed against its registered source and verified retrieval ledger; declared provenance and publication surfaces are retained.,266854135e42f48d14b8f99c6784905f2aaaeba11fb384f65c58b676c55f69f0,,,,2026-08-17T17:00:00+00:00,audit/dataflow-integrity,derive|web-calculator|web-catalog|package
activity_schedule.csv,MAT.CA.LABS.2025|CHEM.TNT.TONNE|materials_chemicals,SRC.GHG.PROTOCOL.2015,verified,Canonical record reviewed against its registered source and verified retrieval ledger; declared provenance and publication surfaces are retained.,266854135e42f48d14b8f99c6784905f2aaaeba11fb384f65c58b676c55f69f0,,,,2026-08-17T17:00:00+00:00,audit/dataflow-integrity,derive|web-calculator|web-catalog|package
activity_schedule.csv,MAT.CA.LABS.2025|ENERGY.KWH.DELIVERED|materials_chemicals,SRC.GHG.PROTOCOL.2015,verified,Canonical record reviewed against its registered source and verified retrieval ledger; declared provenance and publication surfaces are retained.,266854135e42f48d14b8f99c6784905f2aaaeba11fb384f65c58b676c55f69f0,,,,2026-08-17T17:00:00+00:00,audit/dataflow-integrity,derive|web-calculator|web-catalog|package
activity_schedule.csv,ONLINE.AB.CONSUMER.2025|MEDIA.STREAM.HD.HOUR|online,SRC.DIMPACT.STREAMING.2022,verified,Canonical record reviewed against its registered source and verified retrieval ledger; declared provenance and publication surfaces are retained.,eecc9b96eaa32eb1d932a6435cd530fcbf8329c02529995b19c4f241bf939b7b,,,,2026-08-17T17:00:00+00:00,audit/dataflow-integrity,derive|web-calculator|web-catalog|package
activity_schedule.csv,ONLINE.AB.CONSUMER.2025|SOCIAL.INSTAGRAM.HOUR|online,SRC.DIMPACT.STREAMING.2022,verified,Canonical record reviewed against its registered source and verified retrieval ledger; declared provenance and publication surfaces are retained.,eecc9b96eaa32eb1d932a6435cd530fcbf8329c02529995b19c4f241bf939b7b,,,,2026-08-17T17:00:00+00:00,audit/dataflow-integrity,derive|web-calculator|web-catalog|package
activity_schedule.csv,ONLINE.BC.CONSUMER.2025|MEDIA.STREAM.HD.HOUR|online,SRC.DIMPACT.STREAMING.2022,verified,Canonical record reviewed against its registered source and verified retrieval ledger; declared provenance and publication surfaces are retained.,eecc9b96eaa32eb1d932a6435cd530fcbf8329c02529995b19c4f241bf939b7b,,,,2026-08-17T17:00:00+00:00,audit/dataflow-integrity,derive|web-calculator|web-catalog|package
activity_schedule.csv,ONLINE.BC.CONSUMER.2025|SOCIAL.INSTAGRAM.HOUR|online,SRC.DIMPACT.STREAMING.2022,verified,Canonical record reviewed against its registered source and verified retrieval ledger; declared provenance and publication surfaces are retained.,eecc9b96eaa32eb1d932a6435cd530fcbf8329c02529995b19c4f241bf939b7b,,,,2026-08-17T17:00:00+00:00,audit/dataflow-integrity,derive|web-calculator|web-catalog|package
activity_schedule.csv,ONLINE.QC.CONSUMER.2025|MEDIA.STREAM.HD.HOUR|online,SRC.DIMPACT.STREAMING.2022,verified,Canonical record reviewed against its registered source and verified retrieval ledger; declared provenance and publication surfaces are retained.,eecc9b96eaa32eb1d932a6435cd530fcbf8329c02529995b19c4f241bf939b7b,,,,2026-08-17T17:00:00+00:00,audit/dataflow-integrity,derive|web-calculator|web-catalog|package
activity_schedule.csv,ONLINE.QC.CONSUMER.2025|SOCIAL.INSTAGRAM.HOUR|online,SRC.DIMPACT.STREAMING.2022,verified,Canonical record reviewed against its registered source and verified retrieval ledger; declared provenance and publication surfaces are retained.,eecc9b96eaa32eb1d932a6435cd530fcbf8329c02529995b19c4f241bf939b7b,,,,2026-08-17T17:00:00+00:00,audit/dataflow-integrity,derive|web-calculator|web-catalog|package
activity_schedule.csv,ONLINE.TO.CONSUMER.2025|CLOUD.DOWNLOAD.GB|online,SRC.SCOPE3.DATA_TRANSFER.2024,verified,Canonical record reviewed against its registered source and verified retrieval ledger; declared provenance and publication surfaces are retained.,09c70d3cb80ee558ccf2359a6a888c12eb725398f66688db5985d2410edf08f1,,,,2026-08-17T17:00:00+00:00,audit/dataflow-integrity,derive|web-calculator|web-catalog|package
activity_schedule.csv,ONLINE.TO.CONSUMER.2025|CLOUD.STORAGE.SYNC.GB_MONTH|online,SRC.SCOPE3.DATA_TRANSFER.2024,verified,Canonical record reviewed against its registered source and verified retrieval ledger; declared provenance and publication surfaces are retained.,09c70d3cb80ee558ccf2359a6a888c12eb725398f66688db5985d2410edf08f1,,,,2026-08-17T17:00:00+00:00,audit/dataflow-integrity,derive|web-calculator|web-catalog|package
activity_schedule.csv,ONLINE.TO.CONSUMER.2025|CONF.AUDIO.PER_PARTICIPANT_HOUR|online,SRC.SCOPE3.DATA_TRANSFER.2024,verified,Canonical record reviewed against its registered source and verified retrieval ledger; declared provenance and publication surfaces are retained.,09c70d3cb80ee558ccf2359a6a888c12eb725398f66688db5985d2410edf08f1,,,,2026-08-17T17:00:00+00:00,audit/dataflow-integrity,derive|web-calculator|web-catalog|package
activity_schedule.csv,ONLINE.TO.CONSUMER.2025|CONF.HD.PARTICIPANT_HOUR|online,SRC.SCOPE3.DATA_TRANSFER.2024,verified,Canonical record reviewed against its registered source and verified retrieval ledger; declared provenance and publication surfaces are retained.,09c70d3cb80ee558ccf2359a6a888c12eb725398f66688db5985d2410edf08f1,,,,2026-08-17T17:00:00+00:00,audit/dataflow-integrity,derive|web-calculator|web-catalog|package
activity_schedule.csv,ONLINE.TO.CONSUMER.2025|DOWNLOAD.GAME.CONSOLE.50GB|online,SRC.SCOPE3.DATA_TRANSFER.2024,verified,Canonical record reviewed against its registered source and verified retrieval ledger; declared provenance and publication surfaces are retained.,09c70d3cb80ee558ccf2359a6a888c12eb725398f66688db5985d2410edf08f1,,,,2026-08-17T17:00:00+00:00,audit/dataflow-integrity,derive|web-calculator|web-catalog|package
activity_schedule.csv,ONLINE.TO.CONSUMER.2025|MEDIA.STREAM.HD.HOUR.TV|online,SRC.DIMPACT.STREAMING.2022,verified,Canonical record reviewed against its registered source and verified retrieval ledger; declared provenance and publication surfaces are retained.,eecc9b96eaa32eb1d932a6435cd530fcbf8329c02529995b19c4f241bf939b7b,,,,2026-08-17T17:00:00+00:00,audit/dataflow-integrity,derive|web-calculator|web-catalog|package
activity_schedule.csv,ONLINE.TO.CONSUMER.2025|MEDIA.STREAM.HD.HOUR|online,SRC.DIMPACT.STREAMING.2022,verified,Canonical record reviewed against its registered source and verified retrieval ledger; declared provenance and publication surfaces are retained.,eecc9b96eaa32eb1d932a6435cd530fcbf8329c02529995b19c4f241bf939b7b,,,,2026-08-17T17:00:00+00:00,audit/dataflow-integrity,derive|web-calculator|web-catalog|package
activity_schedule.csv,ONLINE.TO.CONSUMER.2025|MEDIA.STREAM.SD.HOUR.MOBILE|online,SRC.DIMPACT.STREAMING.2022,verified,Canonical record reviewed against its registered source and verified retrieval ledger; declared provenance and publication surfaces are retained.,eecc9b96eaa32eb1d932a6435cd530fcbf8329c02529995b19c4f241bf939b7b,,,,2026-08-17T17:00:00+00:00,audit/dataflow-integrity,derive|web-calculator|web-catalog|package
activity_schedule.csv,ONLINE.TO.CONSUMER.2025|MEDIA.STREAM.UHD.HOUR.TV|online,SRC.DIMPACT.STREAMING.2022,verified,Canonical record reviewed against its registered source and verified retrieval ledger; declared provenance and publication surfaces are retained.,eecc9b96eaa32eb1d932a6435cd530fcbf8329c02529995b19c4f241bf939b7b,,,,2026-08-17T17:00:00+00:00,audit/dataflow-integrity,derive|web-calculator|web-catalog|package
activity_schedule.csv,ONLINE.TO.CONSUMER.2025|MUSIC.STREAM.STANDARD.HOUR|online,SRC.DIMPACT.STREAMING.2022,verified,Canonical record reviewed against its registered source and verified retrieval ledger; declared provenance and publication surfaces are retained.,eecc9b96eaa32eb1d932a6435cd530fcbf8329c02529995b19c4f241bf939b7b,,,,2026-08-17T17:00:00+00:00,audit/dataflow-integrity,derive|web-calculator|web-catalog|package
activity_schedule.csv,ONLINE.TO.CONSUMER.2025|SOCIAL.INSTAGRAM.HOUR|online,SRC.DIMPACT.STREAMING.2022,verified,Canonical record reviewed against its registered source and verified retrieval ledger; declared provenance and publication surfaces are retained.,eecc9b96eaa32eb1d932a6435cd530fcbf8329c02529995b19c4f241bf939b7b,,,,2026-08-17T17:00:00+00:00,audit/dataflow-integrity,derive|web-calculator|web-catalog|package
activity_schedule.csv,ONLINE.TO.CONSUMER.2025|SOCIAL.TIKTOK.HOUR|online,SRC.DIMPACT.STREAMING.2022,verified,Canonical record reviewed against its registered source and verified retrieval ledger; declared provenance and publication surfaces are retained.,eecc9b96eaa32eb1d932a6435cd530fcbf8329c02529995b19c4f241bf939b7b,,,,2026-08-17T17:00:00+00:00,audit/dataflow-integrity,derive|web-calculator|web-catalog|package
activity_schedule.csv,PRO.AB.24_39.HYBRID.2025|FOOD.MEAL.BEEF.SERVING|professional,SRC.POORE2018,verified,Canonical record reviewed against its registered source and verified retrieval ledger; declared provenance and publication surfaces are retained.,998b037a86d42a35e2f95a7731c0ed30cd1ff5564b4f87b346ac587bb1036a36,,,,2026-08-17T17:00:00+00:00,audit/dataflow-integrity,derive|web-calculator|web-catalog|package
activity_schedule.csv,PRO.AB.24_39.HYBRID.2025|SOCIAL.INSTAGRAM.HOUR|professional,SRC.DIMPACT.STREAMING.2022,verified,Canonical record reviewed against its registered source and verified retrieval ledger; declared provenance and publication surfaces are retained.,eecc9b96eaa32eb1d932a6435cd530fcbf8329c02529995b19c4f241bf939b7b,,,,2026-08-17T17:00:00+00:00,audit/dataflow-integrity,derive|web-calculator|web-catalog|package
activity_schedule.csv,PRO.AB.40_56.HYBRID.2025|FOOD.MEAL.BEEF.SERVING|professional,SRC.POORE2018,verified,Canonical record reviewed against its registered source and verified retrieval ledger; declared provenance and publication surfaces are retained.,998b037a86d42a35e2f95a7731c0ed30cd1ff5564b4f87b346ac587bb1036a36,,,,2026-08-17T17:00:00+00:00,audit/dataflow-integrity,derive|web-calculator|web-catalog|package
activity_schedule.csv,PRO.AB.40_56.HYBRID.2025|SOCIAL.LINKEDIN.HOUR|professional,SRC.DIMPACT.STREAMING.2022,verified,Canonical record reviewed against its registered source and verified retrieval ledger; declared provenance and publication surfaces are retained.,eecc9b96eaa32eb1d932a6435cd530fcbf8329c02529995b19c4f241bf939b7b,,,,2026-08-17T17:00:00+00:00,audit/dataflow-integrity,derive|web-calculator|web-catalog|package
activity_schedule.csv,PRO.BC.24_39.HYBRID.2025|MEDIA.STREAM.HD.HOUR|professional,SRC.DIMPACT.STREAMING.2022,verified,Canonical record reviewed against its registered source and verified retrieval ledger; declared provenance and publication surfaces are retained.,eecc9b96eaa32eb1d932a6435cd530fcbf8329c02529995b19c4f241bf939b7b,,,,2026-08-17T17:00:00+00:00,audit/dataflow-integrity,derive|web-calculator|web-catalog|package
activity_schedule.csv,PRO.BC.24_39.HYBRID.2025|SOCIAL.INSTAGRAM.HOUR|professional,SRC.DIMPACT.STREAMING.2022,verified,Canonical record reviewed against its registered source and verified retrieval ledger; declared provenance and publication surfaces are retained.,eecc9b96eaa32eb1d932a6435cd530fcbf8329c02529995b19c4f241bf939b7b,,,,2026-08-17T17:00:00+00:00,audit/dataflow-integrity,derive|web-calculator|web-catalog|package
activity_schedule.csv,PRO.BC.40_56.HYBRID.2025|FOOD.MEAL.BEEF.SERVING|professional,SRC.POORE2018,verified,Canonical record reviewed against its registered source and verified retrieval ledger; declared provenance and publication surfaces are retained.,998b037a86d42a35e2f95a7731c0ed30cd1ff5564b4f87b346ac587bb1036a36,,,,2026-08-17T17:00:00+00:00,audit/dataflow-integrity,derive|web-calculator|web-catalog|package
activity_schedule.csv,PRO.BC.40_56.HYBRID.2025|SOCIAL.LINKEDIN.HOUR|professional,SRC.DIMPACT.STREAMING.2022,verified,Canonical record reviewed against its registered source and verified retrieval ledger; declared provenance and publication surfaces are retained.,eecc9b96eaa32eb1d932a6435cd530fcbf8329c02529995b19c4f241bf939b7b,,,,2026-08-17T17:00:00+00:00,audit/dataflow-integrity,derive|web-calculator|web-catalog|package
activity_schedule.csv,PRO.QC.24_39.HYBRID.2025|MEDIA.STREAM.HD.HOUR|professional,SRC.DIMPACT.STREAMING.2022,verified,Canonical record reviewed against its registered source and verified retrieval ledger; declared provenance and publication surfaces are retained.,eecc9b96eaa32eb1d932a6435cd530fcbf8329c02529995b19c4f241bf939b7b,,,,2026-08-17T17:00:00+00:00,audit/dataflow-integrity,derive|web-calculator|web-catalog|package
activity_schedule.csv,PRO.QC.24_39.HYBRID.2025|SOCIAL.INSTAGRAM.HOUR|professional,SRC.DIMPACT.STREAMING.2022,verified,Canonical record reviewed against its registered source and verified retrieval ledger; declared provenance and publication surfaces are retained.,eecc9b96eaa32eb1d932a6435cd530fcbf8329c02529995b19c4f241bf939b7b,,,,2026-08-17T17:00:00+00:00,audit/dataflow-integrity,derive|web-calculator|web-catalog|package
activity_schedule.csv,PRO.QC.40_56.HYBRID.2025|FOOD.MEAL.BEEF.SERVING|professional,SRC.POORE2018,verified,Canonical record reviewed against its registered source and verified retrieval ledger; declared provenance and publication surfaces are retained.,998b037a86d42a35e2f95a7731c0ed30cd1ff5564b4f87b346ac587bb1036a36,,,,2026-08-17T17:00:00+00:00,audit/dataflow-integrity,derive|web-calculator|web-catalog|package
activity_schedule.csv,PRO.QC.40_56.HYBRID.2025|SOCIAL.LINKEDIN.HOUR|professional,SRC.DIMPACT.STREAMING.2022,verified,Canonical record reviewed against its registered source and verified retrieval ledger; declared provenance and publication surfaces are retained.,eecc9b96eaa32eb1d932a6435cd530fcbf8329c02529995b19c4f241bf939b7b,,,,2026-08-17T17:00:00+00:00,audit/dataflow-integrity,derive|web-calculator|web-catalog|package
activity_schedule.csv,PRO.TO.24_39.HYBRID.2025|BUILDING.OFFICE.M2.YEAR|professional,SRC.IEA.NRCAN.BUILDINGS.2024,verified,Canonical record reviewed against its registered source and verified retrieval ledger; declared provenance and publication surfaces are retained.,20dd660eed35fa329e076ba1a4a306e2e01916fe2d42495de74839c5245ab90c,,,,2026-08-17T17:00:00+00:00,audit/dataflow-integrity,derive|web-calculator|web-catalog|package
activity_schedule.csv,PRO.TO.24_39.HYBRID.2025|DEVICE.LAPTOP.UNIT|professional,SRC.GHG.PROTOCOL.2015,verified,Canonical record reviewed against its registered source and verified retrieval ledger; declared provenance and publication surfaces are retained.,266854135e42f48d14b8f99c6784905f2aaaeba11fb384f65c58b676c55f69f0,,,,2026-08-17T17:00:00+00:00,audit/dataflow-integrity,derive|web-calculator|web-catalog|package
activity_schedule.csv,PRO.TO.24_39.HYBRID.2025|DEVICE.SMARTPHONE.UNIT|professional,SRC.GHG.PROTOCOL.2015,verified,Canonical record reviewed against its registered source and verified retrieval ledger; declared provenance and publication surfaces are retained.,266854135e42f48d14b8f99c6784905f2aaaeba11fb384f65c58b676c55f69f0,,,,2026-08-17T17:00:00+00:00,audit/dataflow-integrity,derive|web-calculator|web-catalog|package
activity_schedule.csv,PRO.TO.24_39.HYBRID.2025|FOOD.COFFEE.CUP.HOT|professional,SRC.POORE2018,verified,Canonical record reviewed against its registered source and verified retrieval ledger; declared provenance and publication surfaces are retained.,998b037a86d42a35e2f95a7731c0ed30cd1ff5564b4f87b346ac587bb1036a36,,,,2026-08-17T17:00:00+00:00,audit/dataflow-integrity,derive|web-calculator|web-catalog|package
activity_schedule.csv,PRO.TO.40_56.HYBRID.2025|FOOD.MEAL.BEEF.SERVING|professional,SRC.POORE2018,verified,Canonical record reviewed against its registered source and verified retrieval ledger; declared provenance and publication surfaces are retained.,998b037a86d42a35e2f95a7731c0ed30cd1ff5564b4f87b346ac587bb1036a36,,,,2026-08-17T17:00:00+00:00,audit/dataflow-integrity,derive|web-calculator|web-catalog|package
activity_schedule.csv,PRO.TO.40_56.HYBRID.2025|TRAN.TTC.SUBWAY.KM|professional,SRC.NRCAN.FREIGHT.2024,verified,Canonical record reviewed against its registered source and verified retrieval ledger; declared provenance and publication surfaces are retained.,5b3f2c37dad949db72123dfcb4d6055177b58e938abefca59e7640918679eda7,,,,2026-08-17T17:00:00+00:00,audit/dataflow-integrity,derive|web-calculator|web-catalog|package
activity_schedule.csv,PROFILE.ADULT.CLOTHING.2025|CLOTHING.JACKET.SYNTH|professional,SRC.QUANTIS2018,verified,Canonical record reviewed against its registered source and verified retrieval ledger; declared provenance and publication surfaces are retained.,fc4b1665e19fc5c41a84b2952f531f7de0632cc5c849018c9d1b8453a7644c47,,,,2026-08-17T17:00:00+00:00,audit/dataflow-integrity,derive|web-calculator|web-catalog|package
activity_schedule.csv,PROFILE.ADULT.CLOTHING.2025|CLOTHING.JEANS.DENIM|professional,SRC.QUANTIS2018,verified,Canonical record reviewed against its registered source and verified retrieval ledger; declared provenance and publication surfaces are retained.,fc4b1665e19fc5c41a84b2952f531f7de0632cc5c849018c9d1b8453a7644c47,,,,2026-08-17T17:00:00+00:00,audit/dataflow-integrity,derive|web-calculator|web-catalog|package
activity_schedule.csv,PROFILE.ADULT.CLOTHING.2025|CLOTHING.SHOES.SNEAKERS|professional,SRC.QUANTIS2018,verified,Canonical record reviewed against its registered source and verified retrieval ledger; declared provenance and publication surfaces are retained.,fc4b1665e19fc5c41a84b2952f531f7de0632cc5c849018c9d1b8453a7644c47,,,,2026-08-17T17:00:00+00:00,audit/dataflow-integrity,derive|web-calculator|web-catalog|package
activity_schedule.csv,PROFILE.ADULT.CLOTHING.2025|CLOTHING.TSHIRT.COTTON|professional,SRC.QUANTIS2018,verified,Canonical record reviewed against its registered source and verified retrieval ledger; declared provenance and publication surfaces are retained.,fc4b1665e19fc5c41a84b2952f531f7de0632cc5c849018c9d1b8453a7644c47,,,,2026-08-17T17:00:00+00:00,audit/dataflow-integrity,derive|web-calculator|web-catalog|package
activity_schedule.csv,PROFILE.CHILD.CLOTHING.2025|CLOTHING.JEANS.DENIM|professional,SRC.QUANTIS2018,verified,Canonical record reviewed against its registered source and verified retrieval ledger; declared provenance and publication surfaces are retained.,fc4b1665e19fc5c41a84b2952f531f7de0632cc5c849018c9d1b8453a7644c47,,,,2026-08-17T17:00:00+00:00,audit/dataflow-integrity,derive|web-calculator|web-catalog|package
activity_schedule.csv,PROFILE.CHILD.CLOTHING.2025|CLOTHING.SHOES.SNEAKERS|professional,SRC.QUANTIS2018,verified,Canonical record reviewed against its registered source and verified retrieval ledger; declared provenance and publication surfaces are retained.,fc4b1665e19fc5c41a84b2952f531f7de0632cc5c849018c9d1b8453a7644c47,,,,2026-08-17T17:00:00+00:00,audit/dataflow-integrity,derive|web-calculator|web-catalog|package
activity_schedule.csv,PROFILE.CHILD.CLOTHING.2025|CLOTHING.TSHIRT.COTTON|professional,SRC.QUANTIS2018,verified,Canonical record reviewed against its registered source and verified retrieval ledger; declared provenance and publication surfaces are retained.,fc4b1665e19fc5c41a84b2952f531f7de0632cc5c849018c9d1b8453a7644c47,,,,2026-08-17T17:00:00+00:00,audit/dataflow-integrity,derive|web-calculator|web-catalog|package
activity_schedule.csv,PROFILE.ELITE.SECURITY.2025|SEC.CONVOY.KM|personal_security_layer,SRC.GHG.PROTOCOL.2015,verified,Canonical record reviewed against its registered source and verified retrieval ledger; declared provenance and publication surfaces are retained.,266854135e42f48d14b8f99c6784905f2aaaeba11fb384f65c58b676c55f69f0,,,,2026-08-17T17:00:00+00:00,audit/dataflow-integrity,derive|web-calculator|web-catalog|package
activity_schedule.csv,PROFILE.ELITE.SECURITY.2025|SEC.GUARD.HOUR|personal_security_layer,SRC.GHG.PROTOCOL.2015,verified,Canonical record reviewed against its registered source and verified retrieval ledger; declared provenance and publication surfaces are retained.,266854135e42f48d14b8f99c6784905f2aaaeba11fb384f65c58b676c55f69f0,,,,2026-08-17T17:00:00+00:00,audit/dataflow-integrity,derive|web-calculator|web-catalog|package
activity_schedule.csv,PROFILE.ELITE.SECURITY.2025|SEC.HELI.HOUR|personal_security_layer,SRC.GHG.PROTOCOL.2015,verified,Canonical record reviewed against its registered source and verified retrieval ledger; declared provenance and publication surfaces are retained.,266854135e42f48d14b8f99c6784905f2aaaeba11fb384f65c58b676c55f69f0,,,,2026-08-17T17:00:00+00:00,audit/dataflow-integrity,derive|web-calculator|web-catalog|package
activity_schedule.csv,PROFILE.ELITE.SECURITY.2025|TRAN.FLIGHT.PRIVATE.PKM|personal_security_layer,SRC.IEA.AVIATION.2023,verified,Canonical record reviewed against its registered source and verified retrieval ledger; declared provenance and publication surfaces are retained.,faa891e8a6987ec6a6825a282bf6cd565d27f8fbbc69f9165fd34b6e6cc072db,,,,2026-08-17T17:00:00+00:00,audit/dataflow-integrity,derive|web-calculator|web-catalog|package
activity_schedule.csv,PROFILE.SENIOR.CLOTHING.2025|CLOTHING.JACKET.SYNTH|professional,SRC.QUANTIS2018,verified,Canonical record reviewed against its registered source and verified retrieval ledger; declared provenance and publication surfaces are retained.,fc4b1665e19fc5c41a84b2952f531f7de0632cc5c849018c9d1b8453a7644c47,,,,2026-08-17T17:00:00+00:00,audit/dataflow-integrity,derive|web-calculator|web-catalog|package
activity_schedule.csv,PROFILE.SENIOR.CLOTHING.2025|CLOTHING.JEANS.DENIM|professional,SRC.QUANTIS2018,verified,Canonical record reviewed against its registered source and verified retrieval ledger; declared provenance and publication surfaces are retained.,fc4b1665e19fc5c41a84b2952f531f7de0632cc5c849018c9d1b8453a7644c47,,,,2026-08-17T17:00:00+00:00,audit/dataflow-integrity,derive|web-calculator|web-catalog|package
activity_schedule.csv,PROFILE.SENIOR.CLOTHING.2025|CLOTHING.SHOES.SNEAKERS|professional,SRC.QUANTIS2018,verified,Canonical record reviewed against its registered source and verified retrieval ledger; declared provenance and publication surfaces are retained.,fc4b1665e19fc5c41a84b2952f531f7de0632cc5c849018c9d1b8453a7644c47,,,,2026-08-17T17:00:00+00:00,audit/dataflow-integrity,derive|web-calculator|web-catalog|package
activity_schedule.csv,PROFILE.SENIOR.CLOTHING.2025|CLOTHING.TSHIRT.COTTON|professional,SRC.QUANTIS2018,verified,Canonical record reviewed against its registered source and verified retrieval ledger; declared provenance and publication surfaces are retained.,fc4b1665e19fc5c41a84b2952f531f7de0632cc5c849018c9d1b8453a7644c47,,,,2026-08-17T17:00:00+00:00,audit/dataflow-integrity,derive|web-calculator|web-catalog|package
activity_schedule.csv,PROFILE.WAR.UKRAINE.2022|MIL.CONFLICT.MONTH|modeled_events,SRC.SIPRI.2024,verified,Canonical record reviewed against its registered source and verified retrieval ledger; declared provenance and publication surfaces are retained.,778008d6dbf7a7503a3140d36a645cd525407f3ae0b8f7c18e4402f4750dc319,,,,2026-08-17T17:00:00+00:00,audit/dataflow-integrity,derive|web-calculator|web-catalog|package
activity_schedule.csv,PROFILE.WAR.UKRAINE.2022|MIL.MUNITIONS.DETONATION.EVENT|modeled_events,SRC.SIPRI.2024,verified,Canonical record reviewed against its registered source and verified retrieval ledger; declared provenance and publication surfaces are retained.,778008d6dbf7a7503a3140d36a645cd525407f3ae0b8f7c18e4402f4750dc319,,,,2026-08-17T17:00:00+00:00,audit/dataflow-integrity,derive|web-calculator|web-catalog|package
activity_schedule.csv,PROFILE.WAR.UKRAINE.2022|MODELED.WILDFIRE.HECTARE|modeled_events,SRC.SIPRI.2024,verified,Canonical record reviewed against its registered source and verified retrieval ledger; declared provenance and publication surfaces are retained.,778008d6dbf7a7503a3140d36a645cd525407f3ae0b8f7c18e4402f4750dc319,,,,2026-08-17T17:00:00+00:00,audit/dataflow-integrity,derive|web-calculator|web-catalog|package
ai_scenarios.csv,SCN.ANTHROPIC.CLAUDE3.UNAVAILABLE.2024,SRC.ANTHROPIC.CLAUDE.2024,verified,Canonical record reviewed against its registered source and verified retrieval ledger; declared provenance and publication surfaces are retained.,b672d5e7fd7edcbdc08bc84a910c8033c226248c8f2fb9eb3f2fc5874a27840b,,,,2026-08-17T17:00:00+00:00,audit/dataflow-integrity,web-catalog|web-sources|package
ai_scenarios.csv,SCN.DELAVANDE.WAN2.1.T2V.1.3B.VIDEO.2025,SRC.DELAVANDE.VIDEO.2025,verified,Canonical record reviewed against its registered source and verified retrieval ledger; declared provenance and publication surfaces are retained.,c4471ffc72dc785416f67eebdc0a294329bed6d51305af6336c9c2e9a6b9338e,,,,2026-08-17T17:00:00+00:00,audit/dataflow-integrity,web-catalog|web-sources|package
ai_scenarios.csv,SCN.DELAVANDE.WAN2.1.T2V.14B.VIDEO.2025,SRC.DELAVANDE.VIDEO.2025,verified,Canonical record reviewed against its registered source and verified retrieval ledger; declared provenance and publication surfaces are retained.,c4471ffc72dc785416f67eebdc0a294329bed6d51305af6336c9c2e9a6b9338e,,,,2026-08-17T17:00:00+00:00,audit/dataflow-integrity,web-catalog|web-sources|package
ai_scenarios.csv,SCN.GOOGLE.GEMINI.APPS.PROMPT.2025,SRC.ELSWORTH.GOOGLE.2025,verified,Canonical record reviewed against its registered source and verified retrieval ledger; declared provenance and publication surfaces are retained.,f15824434904fab0c041bdd21c3db4c40076d58cfda2efa3518c8e28ba9d9281,,,,2026-08-17T17:00:00+00:00,audit/dataflow-integrity,web-catalog|web-sources|package
ai_scenarios.csv,SCN.JEGHAM.CLAUDE37SONNET.100+300,SRC.JEGHAM.2025,verified,Canonical record reviewed against its registered source and verified retrieval ledger; declared provenance and publication surfaces are retained.,930ba6464a4d3e8e8bf1fefb68a9a69d14638f08f5c223c11885eeed6e1787df,,,,2026-08-17T17:00:00+00:00,audit/dataflow-integrity,web-catalog|web-sources|package
ai_scenarios.csv,SCN.JEGHAM.CLAUDE37SONNET.1000+1000,SRC.JEGHAM.2025,verified,Canonical record reviewed against its registered source and verified retrieval ledger; declared provenance and publication surfaces are retained.,930ba6464a4d3e8e8bf1fefb68a9a69d14638f08f5c223c11885eeed6e1787df,,,,2026-08-17T17:00:00+00:00,audit/dataflow-integrity,web-catalog|web-sources|package
ai_scenarios.csv,SCN.JEGHAM.CLAUDE37SONNET.10000+1500,SRC.JEGHAM.2025,verified,Canonical record reviewed against its registered source and verified retrieval ledger; declared provenance and publication surfaces are retained.,930ba6464a4d3e8e8bf1fefb68a9a69d14638f08f5c223c11885eeed6e1787df,,,,2026-08-17T17:00:00+00:00,audit/dataflow-integrity,web-catalog|web-sources|package
ai_scenarios.csv,SCN.JEGHAM.CLAUDE37SONNETET.100+300,SRC.JEGHAM.2025,verified,Canonical record reviewed against its registered source and verified retrieval ledger; declared provenance and publication surfaces are retained.,930ba6464a4d3e8e8bf1fefb68a9a69d14638f08f5c223c11885eeed6e1787df,,,,2026-08-17T17:00:00+00:00,audit/dataflow-integrity,web-catalog|web-sources|package
ai_scenarios.csv,SCN.JEGHAM.CLAUDE37SONNETET.1000+1000,SRC.JEGHAM.2025,verified,Canonical record reviewed against its registered source and verified retrieval ledger; declared provenance and publication surfaces are retained.,930ba6464a4d3e8e8bf1fefb68a9a69d14638f08f5c223c11885eeed6e1787df,,,,2026-08-17T17:00:00+00:00,audit/dataflow-integrity,web-catalog|web-sources|package
ai_scenarios.csv,SCN.JEGHAM.CLAUDE37SONNETET.10000+1500,SRC.JEGHAM.2025,verified,Canonical record reviewed against its registered source and verified retrieval ledger; declared provenance and publication surfaces are retained.,930ba6464a4d3e8e8bf1fefb68a9a69d14638f08f5c223c11885eeed6e1787df,,,,2026-08-17T17:00:00+00:00,audit/dataflow-integrity,web-catalog|web-sources|package
ai_scenarios.csv,SCN.JEGHAM.DEEPSEEKR1.100+300,SRC.JEGHAM.2025,verified,Canonical record reviewed against its registered source and verified retrieval ledger; declared provenance and publication surfaces are retained.,930ba6464a4d3e8e8bf1fefb68a9a69d14638f08f5c223c11885eeed6e1787df,,,,2026-08-17T17:00:00+00:00,audit/dataflow-integrity,web-catalog|web-sources|package
ai_scenarios.csv,SCN.JEGHAM.DEEPSEEKR1.1000+1000,SRC.JEGHAM.2025,verified,Canonical record reviewed against its registered source and verified retrieval ledger; declared provenance and publication surfaces are retained.,930ba6464a4d3e8e8bf1fefb68a9a69d14638f08f5c223c11885eeed6e1787df,,,,2026-08-17T17:00:00+00:00,audit/dataflow-integrity,web-catalog|web-sources|package
ai_scenarios.csv,SCN.JEGHAM.DEEPSEEKR1.10000+1500,SRC.JEGHAM.2025,verified,Canonical record reviewed against its registered source and verified retrieval ledger; declared provenance and publication surfaces are retained.,930ba6464a4d3e8e8bf1fefb68a9a69d14638f08f5c223c11885eeed6e1787df,,,,2026-08-17T17:00:00+00:00,audit/dataflow-integrity,web-catalog|web-sources|package
ai_scenarios.csv,SCN.JEGHAM.GPT41.100+300,SRC.JEGHAM.2025,verified,Canonical record reviewed against its registered source and verified retrieval ledger; declared provenance and publication surfaces are retained.,930ba6464a4d3e8e8bf1fefb68a9a69d14638f08f5c223c11885eeed6e1787df,,,,2026-08-17T17:00:00+00:00,audit/dataflow-integrity,web-catalog|web-sources|package
ai_scenarios.csv,SCN.JEGHAM.GPT41.1000+1000,SRC.JEGHAM.2025,verified,Canonical record reviewed against its registered source and verified retrieval ledger; declared provenance and publication surfaces are retained.,930ba6464a4d3e8e8bf1fefb68a9a69d14638f08f5c223c11885eeed6e1787df,,,,2026-08-17T17:00:00+00:00,audit/dataflow-integrity,web-catalog|web-sources|package
ai_scenarios.csv,SCN.JEGHAM.GPT41.10000+1500,SRC.JEGHAM.2025,verified,Canonical record reviewed against its registered source and verified retrieval ledger; declared provenance and publication surfaces are retained.,930ba6464a4d3e8e8bf1fefb68a9a69d14638f08f5c223c11885eeed6e1787df,,,,2026-08-17T17:00:00+00:00,audit/dataflow-integrity,web-catalog|web-sources|package
ai_scenarios.csv,SCN.JEGHAM.GPT41NANO.100+300,SRC.JEGHAM.2025,verified,Canonical record reviewed against its registered source and verified retrieval ledger; declared provenance and publication surfaces are retained.,930ba6464a4d3e8e8bf1fefb68a9a69d14638f08f5c223c11885eeed6e1787df,,,,2026-08-17T17:00:00+00:00,audit/dataflow-integrity,web-catalog|web-sources|package
ai_scenarios.csv,SCN.JEGHAM.GPT41NANO.1000+1000,SRC.JEGHAM.2025,verified,Canonical record reviewed against its registered source and verified retrieval ledger; declared provenance and publication surfaces are retained.,930ba6464a4d3e8e8bf1fefb68a9a69d14638f08f5c223c11885eeed6e1787df,,,,2026-08-17T17:00:00+00:00,audit/dataflow-integrity,web-catalog|web-sources|package
ai_scenarios.csv,SCN.JEGHAM.GPT41NANO.10000+1500,SRC.JEGHAM.2025,verified,Canonical record reviewed against its registered source and verified retrieval ledger; declared provenance and publication surfaces are retained.,930ba6464a4d3e8e8bf1fefb68a9a69d14638f08f5c223c11885eeed6e1787df,,,,2026-08-17T17:00:00+00:00,audit/dataflow-integrity,web-catalog|web-sources|package
ai_scenarios.csv,SCN.JEGHAM.O3.100+300,SRC.JEGHAM.2025,verified,Canonical record reviewed against its registered source and verified retrieval ledger; declared provenance and publication surfaces are retained.,930ba6464a4d3e8e8bf1fefb68a9a69d14638f08f5c223c11885eeed6e1787df,,,,2026-08-17T17:00:00+00:00,audit/dataflow-integrity,web-catalog|web-sources|package
ai_scenarios.csv,SCN.JEGHAM.O3.1000+1000,SRC.JEGHAM.2025,verified,Canonical record reviewed against its registered source and verified retrieval ledger; declared provenance and publication surfaces are retained.,930ba6464a4d3e8e8bf1fefb68a9a69d14638f08f5c223c11885eeed6e1787df,,,,2026-08-17T17:00:00+00:00,audit/dataflow-integrity,web-catalog|web-sources|package
ai_scenarios.csv,SCN.JEGHAM.O3.10000+1500,SRC.JEGHAM.2025,verified,Canonical record reviewed against its registered source and verified retrieval ledger; declared provenance and publication surfaces are retained.,930ba6464a4d3e8e8bf1fefb68a9a69d14638f08f5c223c11885eeed6e1787df,,,,2026-08-17T17:00:00+00:00,audit/dataflow-integrity,web-catalog|web-sources|package
ai_scenarios.csv,SCN.JEGHAM.SORA2.PRO.VIDEO.2026,SRC.DELAVANDE.PROPRIETARY.2026,verified,Canonical record reviewed against its registered source and verified retrieval ledger; declared provenance and publication surfaces are retained.,fd4eb47c3ca9b632b048eaa9623519577e1faff91ae91a9a1caa0aa55802de43,,,,2026-08-17T17:00:00+00:00,audit/dataflow-integrity,web-catalog|web-sources|package
ai_scenarios.csv,SCN.JEGHAM.VEO3.VIDEO.2026,SRC.DELAVANDE.PROPRIETARY.2026,verified,Canonical record reviewed against its registered source and verified retrieval ledger; declared provenance and publication surfaces are retained.,fd4eb47c3ca9b632b048eaa9623519577e1faff91ae91a9a1caa0aa55802de43,,,,2026-08-17T17:00:00+00:00,audit/dataflow-integrity,web-catalog|web-sources|package
ai_scenarios.csv,SCN.LUCCIONI.IMAGE.INFERENCE.2024,SRC.LUCCIONI.POWER.2024,verified,Canonical record reviewed against its registered source and verified retrieval ledger; declared provenance and publication surfaces are retained.,45112d79fb97a4be4456bb54274f8f17648a28d967757bb358f583ead3da292e,,,,2026-08-17T17:00:00+00:00,audit/dataflow-integrity,web-catalog|web-sources|package
ai_scenarios.csv,SCN.LUCCIONI.TEXT.INFERENCE.2024,SRC.LUCCIONI.POWER.2024,verified,Canonical record reviewed against its registered source and verified retrieval ledger; declared provenance and publication surfaces are retained.,45112d79fb97a4be4456bb54274f8f17648a28d967757bb358f583ead3da292e,,,,2026-08-17T17:00:00+00:00,audit/dataflow-integrity,web-catalog|web-sources|package
ai_scenarios.csv,SCN.MISTRAL.LECHAT.RESPONSE.2025,SRC.MISTRAL.LCA.2025,verified,Canonical record reviewed against its registered source and verified retrieval ledger; declared provenance and publication surfaces are retained.,4ffe54542bb43a0ae508d01746b8357f83389dbaa50db90c01f3680e470b6ef6,,,,2026-08-17T17:00:00+00:00,audit/dataflow-integrity,web-catalog|web-sources|package
ai_scenarios.csv,SCN.OPENAI.CHATGPT.PROMPT.2025,SRC.ALTMAN.2025,verified,Canonical record reviewed against its registered source and verified retrieval ledger; declared provenance and publication surfaces are retained.,4be0214c18a4aad3635c0516038f6df6750cde77bf4477abc7eefe2e50024b5f,,,,2026-08-17T17:00:00+00:00,audit/dataflow-integrity,web-catalog|web-sources|package
benchmarks.csv,alberta_average,SRC.ECCC.NIR.2025,verified,Canonical record reviewed against its registered source and verified retrieval ledger; declared provenance and publication surfaces are retained.,8466bb66ec39e35eb742053834fe4ffb75b9374b7355cac3c75d826b47fd7036,,,,2026-08-17T17:00:00+00:00,audit/dataflow-integrity,web-calculator|web-catalog|web-sources|package
benchmarks.csv,alberta_average,SRC.STATCAN.POP.2023,verified,Canonical record reviewed against its registered source and verified retrieval ledger; declared provenance and publication surfaces are retained.,a2b04392e078c804f087136d2f1b2c967c75305db302a5afff1c271c16ce0b0e,,,,2026-08-17T17:00:00+00:00,audit/dataflow-integrity,web-calculator|web-catalog|web-sources|package
benchmarks.csv,british_columbia_average,SRC.ECCC.NIR.2025,verified,Canonical record reviewed against its registered source and verified retrieval ledger; declared provenance and publication surfaces are retained.,8466bb66ec39e35eb742053834fe4ffb75b9374b7355cac3c75d826b47fd7036,,,,2026-08-17T17:00:00+00:00,audit/dataflow-integrity,web-calculator|web-catalog|web-sources|package
benchmarks.csv,british_columbia_average,SRC.STATCAN.POP.2023,verified,Canonical record reviewed against its registered source and verified retrieval ledger; declared provenance and publication surfaces are retained.,a2b04392e078c804f087136d2f1b2c967c75305db302a5afff1c271c16ce0b0e,,,,2026-08-17T17:00:00+00:00,audit/dataflow-integrity,web-calculator|web-catalog|web-sources|package
benchmarks.csv,canadian_average,SRC.ECCC.NIR.2025,verified,Canonical record reviewed against its registered source and verified retrieval ledger; declared provenance and publication surfaces are retained.,8466bb66ec39e35eb742053834fe4ffb75b9374b7355cac3c75d826b47fd7036,,,,2026-08-17T17:00:00+00:00,audit/dataflow-integrity,web-calculator|web-catalog|web-sources|package
benchmarks.csv,canadian_average,SRC.STATCAN.POP.2023,verified,Canonical record reviewed against its registered source and verified retrieval ledger; declared provenance and publication surfaces are retained.,a2b04392e078c804f087136d2f1b2c967c75305db302a5afff1c271c16ce0b0e,,,,2026-08-17T17:00:00+00:00,audit/dataflow-integrity,web-calculator|web-catalog|web-sources|package
benchmarks.csv,manitoba_average,SRC.ECCC.NIR.2025,verified,Canonical record reviewed against its registered source and verified retrieval ledger; declared provenance and publication surfaces are retained.,8466bb66ec39e35eb742053834fe4ffb75b9374b7355cac3c75d826b47fd7036,,,,2026-08-17T17:00:00+00:00,audit/dataflow-integrity,web-calculator|web-catalog|web-sources|package
benchmarks.csv,manitoba_average,SRC.STATCAN.POP.2023,verified,Canonical record reviewed against its registered source and verified retrieval ledger; declared provenance and publication surfaces are retained.,a2b04392e078c804f087136d2f1b2c967c75305db302a5afff1c271c16ce0b0e,,,,2026-08-17T17:00:00+00:00,audit/dataflow-integrity,web-calculator|web-catalog|web-sources|package
benchmarks.csv,ontario_average,SRC.ECCC.NIR.2025,verified,Canonical record reviewed against its registered source and verified retrieval ledger; declared provenance and publication surfaces are retained.,8466bb66ec39e35eb742053834fe4ffb75b9374b7355cac3c75d826b47fd7036,,,,2026-08-17T17:00:00+00:00,audit/dataflow-integrity,web-calculator|web-catalog|web-sources|package
benchmarks.csv,ontario_average,SRC.STATCAN.POP.2023,verified,Canonical record reviewed against its registered source and verified retrieval ledger; declared provenance and publication surfaces are retained.,a2b04392e078c804f087136d2f1b2c967c75305db302a5afff1c271c16ce0b0e,,,,2026-08-17T17:00:00+00:00,audit/dataflow-integrity,web-calculator|web-catalog|web-sources|package
benchmarks.csv,quebec_average,SRC.ECCC.NIR.2025,verified,Canonical record reviewed against its registered source and verified retrieval ledger; declared provenance and publication surfaces are retained.,8466bb66ec39e35eb742053834fe4ffb75b9374b7355cac3c75d826b47fd7036,,,,2026-08-17T17:00:00+00:00,audit/dataflow-integrity,web-calculator|web-catalog|web-sources|package
benchmarks.csv,quebec_average,SRC.STATCAN.POP.2023,verified,Canonical record reviewed against its registered source and verified retrieval ledger; declared provenance and publication surfaces are retained.,a2b04392e078c804f087136d2f1b2c967c75305db302a5afff1c271c16ce0b0e,,,,2026-08-17T17:00:00+00:00,audit/dataflow-integrity,web-calculator|web-catalog|web-sources|package
benchmarks.csv,saskatchewan_average,SRC.ECCC.NIR.2025,verified,Canonical record reviewed against its registered source and verified retrieval ledger; declared provenance and publication surfaces are retained.,8466bb66ec39e35eb742053834fe4ffb75b9374b7355cac3c75d826b47fd7036,,,,2026-08-17T17:00:00+00:00,audit/dataflow-integrity,web-calculator|web-catalog|web-sources|package
benchmarks.csv,saskatchewan_average,SRC.STATCAN.POP.2023,verified,Canonical record reviewed against its registered source and verified retrieval ledger; declared provenance and publication surfaces are retained.,a2b04392e078c804f087136d2f1b2c967c75305db302a5afff1c271c16ce0b0e,,,,2026-08-17T17:00:00+00:00,audit/dataflow-integrity,web-calculator|web-catalog|web-sources|package
carbon_pricing.csv,Argentina|2024|Carbon Tax,SRC.AR.CARBON.2024,verified,Canonical record reviewed against its registered source and verified retrieval ledger; declared provenance and publication surfaces are retained.,fb03c3151646d814d32d27bb841f0f184864942130c45fd22863a3736bd0fd8a,,,,2026-08-17T17:00:00+00:00,audit/dataflow-integrity,web-catalog|web-sources|package
carbon_pricing.csv,British Columbia|2024|Carbon Tax,SRC.BC.CARBON.2024,verified,Canonical record reviewed against its registered source and verified retrieval ledger; declared provenance and publication surfaces are retained.,9833bfdb3666c0001d575a0c1a72f9b21cc6ca16c2a9cf92b87e0da3e4ca0376,,,,2026-08-17T17:00:00+00:00,audit/dataflow-integrity,web-catalog|web-sources|package
carbon_pricing.csv,California|2024|ETS,SRC.CA.CAPANDTRADE.2024,verified,Canonical record reviewed against its registered source and verified retrieval ledger; declared provenance and publication surfaces are retained.,5a0dcd331f2e5c0b8e80738dd4715b4f5d8848536bb6aa17d8a41a1e8e740f30,,,,2026-08-17T17:00:00+00:00,audit/dataflow-integrity,web-catalog|web-sources|package
carbon_pricing.csv,Canada Federal|2024|Carbon Tax,SRC.ECCC.NIR.2025,verified,Canonical record reviewed against its registered source and verified retrieval ledger; declared provenance and publication surfaces are retained.,8466bb66ec39e35eb742053834fe4ffb75b9374b7355cac3c75d826b47fd7036,,,,2026-08-17T17:00:00+00:00,audit/dataflow-integrity,web-catalog|web-sources|package
carbon_pricing.csv,Chile|2024|Carbon Tax,SRC.CL.CARBON.2024,verified,Canonical record reviewed against its registered source and verified retrieval ledger; declared provenance and publication surfaces are retained.,9833bfdb3666c0001d575a0c1a72f9b21cc6ca16c2a9cf92b87e0da3e4ca0376,,,,2026-08-17T17:00:00+00:00,audit/dataflow-integrity,web-catalog|web-sources|package
carbon_pricing.csv,China National|2024|ETS,SRC.CN.ETS.2024,verified,Canonical record reviewed against its registered source and verified retrieval ledger; declared provenance and publication surfaces are retained.,9833bfdb3666c0001d575a0c1a72f9b21cc6ca16c2a9cf92b87e0da3e4ca0376,,,,2026-08-17T17:00:00+00:00,audit/dataflow-integrity,web-catalog|web-sources|package
carbon_pricing.csv,Colombia|2024|Carbon Tax,SRC.CO.CARBON.2024,verified,Canonical record reviewed against its registered source and verified retrieval ledger; declared provenance and publication surfaces are retained.,fb03c3151646d814d32d27bb841f0f184864942130c45fd22863a3736bd0fd8a,,,,2026-08-17T17:00:00+00:00,audit/dataflow-integrity,web-catalog|web-sources|package
carbon_pricing.csv,EU ETS|2024|ETS,SRC.ICAP.2024,verified,Canonical record reviewed against its registered source and verified retrieval ledger; declared provenance and publication surfaces are retained.,9833bfdb3666c0001d575a0c1a72f9b21cc6ca16c2a9cf92b87e0da3e4ca0376,,,,2026-08-17T17:00:00+00:00,audit/dataflow-integrity,web-catalog|web-sources|package
carbon_pricing.csv,Japan Saitama|2024|ETS,SRC.JP.SAITAMA.2024,verified,Canonical record reviewed against its registered source and verified retrieval ledger; declared provenance and publication surfaces are retained.,f4565e312af5e738e85b91be13fef098c333a77a0271f196bf5221957e7a16da,,,,2026-08-17T17:00:00+00:00,audit/dataflow-integrity,web-catalog|web-sources|package
carbon_pricing.csv,Japan Tokyo|2024|ETS,SRC.JP.TOKYO.2024,verified,Canonical record reviewed against its registered source and verified retrieval ledger; declared provenance and publication surfaces are retained.,f49b0181f89149d35bbeb06ef22dddafbf874e5173f15a4a6444244779d9c685,,,,2026-08-17T17:00:00+00:00,audit/dataflow-integrity,web-catalog|web-sources|package
carbon_pricing.csv,Mexico|2024|Carbon Tax,SRC.MX.CARBON.2024,verified,Canonical record reviewed against its registered source and verified retrieval ledger; declared provenance and publication surfaces are retained.,9833bfdb3666c0001d575a0c1a72f9b21cc6ca16c2a9cf92b87e0da3e4ca0376,,,,2026-08-17T17:00:00+00:00,audit/dataflow-integrity,web-catalog|web-sources|package
carbon_pricing.csv,New Zealand|2024|ETS,SRC.NZ.ETS.2024,verified,Canonical record reviewed against its registered source and verified retrieval ledger; declared provenance and publication surfaces are retained.,9833bfdb3666c0001d575a0c1a72f9b21cc6ca16c2a9cf92b87e0da3e4ca0376,,,,2026-08-17T17:00:00+00:00,audit/dataflow-integrity,web-catalog|web-sources|package
carbon_pricing.csv,Norway|2024|Carbon Tax + ETS,SRC.NO.CARBON.2024,verified,Canonical record reviewed against its registered source and verified retrieval ledger; declared provenance and publication surfaces are retained.,9833bfdb3666c0001d575a0c1a72f9b21cc6ca16c2a9cf92b87e0da3e4ca0376,,,,2026-08-17T17:00:00+00:00,audit/dataflow-integrity,web-catalog|web-sources|package
carbon_pricing.csv,Quebec|2024|ETS,SRC.QC.CAPANDTRADE.2024,verified,Canonical record reviewed against its registered source and verified retrieval ledger; declared provenance and publication surfaces are retained.,ebd8e6519f8dd4a53e61240c6809d1f20c11126ea4fdc7382ea6b200092b493d,,,,2026-08-17T17:00:00+00:00,audit/dataflow-integrity,web-catalog|web-sources|package
carbon_pricing.csv,RGGI|2024|ETS,SRC.RGGI.2024,verified,Canonical record reviewed against its registered source and verified retrieval ledger; declared provenance and publication surfaces are retained.,2ac3171b28d7632f9d5a07c5e15b5d0909341bc2c05899054cfe6ce02e4dde7a,,,,2026-08-17T17:00:00+00:00,audit/dataflow-integrity,web-catalog|web-sources|package
carbon_pricing.csv,Singapore|2024|Carbon Tax,SRC.SG.CARBON.2024,verified,Canonical record reviewed against its registered source and verified retrieval ledger; declared provenance and publication surfaces are retained.,9833bfdb3666c0001d575a0c1a72f9b21cc6ca16c2a9cf92b87e0da3e4ca0376,,,,2026-08-17T17:00:00+00:00,audit/dataflow-integrity,web-catalog|web-sources|package
carbon_pricing.csv,South Africa|2024|Carbon Tax,SRC.ZA.CARBON.2024,verified,Canonical record reviewed against its registered source and verified retrieval ledger; declared provenance and publication surfaces are retained.,282d16801114e0d6d02268040af8bc81c17fe44b2cb4b5781a5a6acb08ba0bd6,,,,2026-08-17T17:00:00+00:00,audit/dataflow-integrity,web-catalog|web-sources|package
carbon_pricing.csv,South Korea|2024|ETS,SRC.KR.ETS.2024,verified,Canonical record reviewed against its registered source and verified retrieval ledger; declared provenance and publication surfaces are retained.,9833bfdb3666c0001d575a0c1a72f9b21cc6ca16c2a9cf92b87e0da3e4ca0376,,,,2026-08-17T17:00:00+00:00,audit/dataflow-integrity,web-catalog|web-sources|package
carbon_pricing.csv,Sweden|2024|Carbon Tax,SRC.SE.CARBON.2024,verified,Canonical record reviewed against its registered source and verified retrieval ledger; declared provenance and publication surfaces are retained.,9833bfdb3666c0001d575a0c1a72f9b21cc6ca16c2a9cf92b87e0da3e4ca0376,,,,2026-08-17T17:00:00+00:00,audit/dataflow-integrity,web-catalog|web-sources|package
carbon_pricing.csv,Switzerland|2024|ETS,SRC.CH.CARBON.2024,verified,Canonical record reviewed against its registered source and verified retrieval ledger; declared provenance and publication surfaces are retained.,9833bfdb3666c0001d575a0c1a72f9b21cc6ca16c2a9cf92b87e0da3e4ca0376,,,,2026-08-17T17:00:00+00:00,audit/dataflow-integrity,web-catalog|web-sources|package
carbon_pricing.csv,UK ETS|2024|ETS,SRC.UK.ETS.2024,verified,Canonical record reviewed against its registered source and verified retrieval ledger; declared provenance and publication surfaces are retained.,9833bfdb3666c0001d575a0c1a72f9b21cc6ca16c2a9cf92b87e0da3e4ca0376,,,,2026-08-17T17:00:00+00:00,audit/dataflow-integrity,web-catalog|web-sources|package
carbon_pricing.csv,Washington|2024|ETS,SRC.WA.CCA.2024,verified,Canonical record reviewed against its registered source and verified retrieval ledger; declared provenance and publication surfaces are retained.,3fa8fade2473865492cbdd7fa119744a7ad1bc376527d972a65e6d5ea4440ba0,,,,2026-08-17T17:00:00+00:00,audit/dataflow-integrity,web-catalog|web-sources|package
dependencies.csv,CLOTHING.JACKET.SYNTH|OP.AMAZON.CA.URBAN_PARCEL.2024,SRC.QUANTIS2018,verified,Canonical record reviewed against its registered source and verified retrieval ledger; declared provenance and publication surfaces are retained.,fc4b1665e19fc5c41a84b2952f531f7de0632cc5c849018c9d1b8453a7644c47,,,,2026-08-17T17:00:00+00:00,audit/dataflow-integrity,derive|web-catalog|package
dependencies.csv,CLOTHING.JACKET.SYNTH|OP.CNRAIL.CA.TRUCK_TONNEKM.2024,SRC.QUANTIS2018,verified,Canonical record reviewed against its registered source and verified retrieval ledger; declared provenance and publication surfaces are retained.,fc4b1665e19fc5c41a84b2952f531f7de0632cc5c849018c9d1b8453a7644c47,,,,2026-08-17T17:00:00+00:00,audit/dataflow-integrity,derive|web-catalog|package
dependencies.csv,CLOTHING.JEANS.DENIM|OP.AMAZON.CA.URBAN_PARCEL.2024,SRC.QUANTIS2018,verified,Canonical record reviewed against its registered source and verified retrieval ledger; declared provenance and publication surfaces are retained.,fc4b1665e19fc5c41a84b2952f531f7de0632cc5c849018c9d1b8453a7644c47,,,,2026-08-17T17:00:00+00:00,audit/dataflow-integrity,derive|web-catalog|package
dependencies.csv,CLOTHING.JEANS.DENIM|OP.CNRAIL.CA.TRUCK_TONNEKM.2024,SRC.QUANTIS2018,verified,Canonical record reviewed against its registered source and verified retrieval ledger; declared provenance and publication surfaces are retained.,fc4b1665e19fc5c41a84b2952f531f7de0632cc5c849018c9d1b8453a7644c47,,,,2026-08-17T17:00:00+00:00,audit/dataflow-integrity,derive|web-catalog|package
dependencies.csv,CLOTHING.SHOES.SNEAKERS|OP.AMAZON.CA.URBAN_PARCEL.2024,SRC.QUANTIS2018,verified,Canonical record reviewed against its registered source and verified retrieval ledger; declared provenance and publication surfaces are retained.,fc4b1665e19fc5c41a84b2952f531f7de0632cc5c849018c9d1b8453a7644c47,,,,2026-08-17T17:00:00+00:00,audit/dataflow-integrity,derive|web-catalog|package
dependencies.csv,CLOTHING.SHOES.SNEAKERS|OP.CNRAIL.CA.TRUCK_TONNEKM.2024,SRC.QUANTIS2018,verified,Canonical record reviewed against its registered source and verified retrieval ledger; declared provenance and publication surfaces are retained.,fc4b1665e19fc5c41a84b2952f531f7de0632cc5c849018c9d1b8453a7644c47,,,,2026-08-17T17:00:00+00:00,audit/dataflow-integrity,derive|web-catalog|package
dependencies.csv,CLOTHING.TSHIRT.COTTON|OP.AMAZON.CA.URBAN_PARCEL.2024,SRC.QUANTIS2018,verified,Canonical record reviewed against its registered source and verified retrieval ledger; declared provenance and publication surfaces are retained.,fc4b1665e19fc5c41a84b2952f531f7de0632cc5c849018c9d1b8453a7644c47,,,,2026-08-17T17:00:00+00:00,audit/dataflow-integrity,derive|web-catalog|package
dependencies.csv,CLOTHING.TSHIRT.COTTON|OP.CNRAIL.CA.TRUCK_TONNEKM.2024,SRC.QUANTIS2018,verified,Canonical record reviewed against its registered source and verified retrieval ledger; declared provenance and publication surfaces are retained.,fc4b1665e19fc5c41a84b2952f531f7de0632cc5c849018c9d1b8453a7644c47,,,,2026-08-17T17:00:00+00:00,audit/dataflow-integrity,derive|web-catalog|package
dependencies.csv,MEDIA.STREAM.HD.HOUR|OP.HYDROONE.KWH2024,SRC.DIMPACT.STREAMING.2022,verified,Canonical record reviewed against its registered source and verified retrieval ledger; declared provenance and publication surfaces are retained.,eecc9b96eaa32eb1d932a6435cd530fcbf8329c02529995b19c4f241bf939b7b,,,,2026-08-17T17:00:00+00:00,audit/dataflow-integrity,derive|web-catalog|package
dependencies.csv,MEDIA.STREAM.HD.HOUR|OP.YOUTUBE.HD.HOUR2025,SRC.DIMPACT.STREAMING.2022,verified,Canonical record reviewed against its registered source and verified retrieval ledger; declared provenance and publication surfaces are retained.,eecc9b96eaa32eb1d932a6435cd530fcbf8329c02529995b19c4f241bf939b7b,,,,2026-08-17T17:00:00+00:00,audit/dataflow-integrity,derive|web-catalog|package
dependencies.csv,SOCIAL.INSTAGRAM.HOUR|OP.HYDROONE.KWH2024,SRC.DIMPACT.STREAMING.2022,verified,Canonical record reviewed against its registered source and verified retrieval ledger; declared provenance and publication surfaces are retained.,eecc9b96eaa32eb1d932a6435cd530fcbf8329c02529995b19c4f241bf939b7b,,,,2026-08-17T17:00:00+00:00,audit/dataflow-integrity,derive|web-catalog|package
dependencies.csv,SOCIAL.LINKEDIN.HOUR|OP.HYDROONE.KWH2024,SRC.DIMPACT.STREAMING.2022,verified,Canonical record reviewed against its registered source and verified retrieval ledger; declared provenance and publication surfaces are retained.,eecc9b96eaa32eb1d932a6435cd530fcbf8329c02529995b19c4f241bf939b7b,,,,2026-08-17T17:00:00+00:00,audit/dataflow-integrity,derive|web-catalog|package
dependencies.csv,SOCIAL.TWITTER.HOUR|OP.HYDROONE.KWH2024,SRC.DIMPACT.STREAMING.2022,verified,Canonical record reviewed against its registered source and verified retrieval ledger; declared provenance and publication surfaces are retained.,eecc9b96eaa32eb1d932a6435cd530fcbf8329c02529995b19c4f241bf939b7b,,,,2026-08-17T17:00:00+00:00,audit/dataflow-integrity,derive|web-catalog|package
dependencies.csv,SOCIAL.YOUTUBE.HOUR|OP.HYDROONE.KWH2024,SRC.DIMPACT.STREAMING.2022,verified,Canonical record reviewed against its registered source and verified retrieval ledger; declared provenance and publication surfaces are retained.,eecc9b96eaa32eb1d932a6435cd530fcbf8329c02529995b19c4f241bf939b7b,,,,2026-08-17T17:00:00+00:00,audit/dataflow-integrity,derive|web-catalog|package
dependencies.csv,TRAN.SCHOOLRUN.CAR.KM|OP.SHELL.GASOLINE2024,SRC.NRCAN.FREIGHT.2024,verified,Canonical record reviewed against its registered source and verified retrieval ledger; declared provenance and publication surfaces are retained.,5b3f2c37dad949db72123dfcb4d6055177b58e938abefca59e7640918679eda7,,,,2026-08-17T17:00:00+00:00,audit/dataflow-integrity,derive|web-catalog|package
dependencies.csv,TRAN.TTC.SUBWAY.KM|OP.HYDROONE.KWH2024,SRC.NRCAN.FREIGHT.2024,verified,Canonical record reviewed against its registered source and verified retrieval ledger; declared provenance and publication surfaces are retained.,5b3f2c37dad949db72123dfcb4d6055177b58e938abefca59e7640918679eda7,,,,2026-08-17T17:00:00+00:00,audit/dataflow-integrity,derive|web-catalog|package
emission_factors.csv,EF.AGRI.BEEF.CARCASS.POORE2018,SRC.POORE2018,verified,Canonical record reviewed against its registered source and verified retrieval ledger; declared provenance and publication surfaces are retained.,998b037a86d42a35e2f95a7731c0ed30cd1ff5564b4f87b346ac587bb1036a36,,,,2026-08-17T17:00:00+00:00,audit/dataflow-integrity,derive|web-calculator|web-catalog|web-sources|package
emission_factors.csv,EF.AGRI.POULTRY.READY.POORE2018,SRC.POORE2018,verified,Canonical record reviewed against its registered source and verified retrieval ledger; declared provenance and publication surfaces are retained.,998b037a86d42a35e2f95a7731c0ed30cd1ff5564b4f87b346ac587bb1036a36,,,,2026-08-17T17:00:00+00:00,audit/dataflow-integrity,derive|web-calculator|web-catalog|web-sources|package
emission_factors.csv,EF.AMD.ACID.2023,SRC.INTL.MINING.2022,verified,Canonical record reviewed against its registered source and verified retrieval ledger; declared provenance and publication surfaces are retained.,1f60d54d321ee7a8a6b38235a939111e73de5a1564e5e1d20d702c0c0db3ff3a,,,,2026-08-17T17:00:00+00:00,audit/dataflow-integrity,derive|web-calculator|web-catalog|web-sources|package
emission_factors.csv,EF.BIKE.KM,SRC.ECCC.NIR.2025,verified,Canonical record reviewed against its registered source and verified retrieval ledger; declared provenance and publication surfaces are retained.,8466bb66ec39e35eb742053834fe4ffb75b9374b7355cac3c75d826b47fd7036,,,,2026-08-17T17:00:00+00:00,audit/dataflow-integrity,derive|web-calculator|web-catalog|web-sources|package
emission_factors.csv,EF.BUILDING.HOSPITAL.M2.YEAR.CA-ON,SRC.IEA.NRCAN.BUILDINGS.2024,verified,Canonical record reviewed against its registered source and verified retrieval ledger; declared provenance and publication surfaces are retained.,20dd660eed35fa329e076ba1a4a306e2e01916fe2d42495de74839c5245ab90c,,,,2026-08-17T17:00:00+00:00,audit/dataflow-integrity,derive|web-calculator|web-catalog|web-sources|package
emission_factors.csv,EF.BUILDING.OFFICE.M2.YEAR.CA-ON,SRC.IEA.NRCAN.BUILDINGS.2024,verified,Canonical record reviewed against its registered source and verified retrieval ledger; declared provenance and publication surfaces are retained.,20dd660eed35fa329e076ba1a4a306e2e01916fe2d42495de74839c5245ab90c,,,,2026-08-17T17:00:00+00:00,audit/dataflow-integrity,derive|web-calculator|web-catalog|web-sources|package
emission_factors.csv,EF.BUILDING.RESIDENTIAL.M2.YEAR.CA-ON,SRC.IEA.NRCAN.BUILDINGS.2024,verified,Canonical record reviewed against its registered source and verified retrieval ledger; declared provenance and publication surfaces are retained.,20dd660eed35fa329e076ba1a4a306e2e01916fe2d42495de74839c5245ab90c,,,,2026-08-17T17:00:00+00:00,audit/dataflow-integrity,derive|web-calculator|web-catalog|web-sources|package
emission_factors.csv,EF.CAR.KM,SRC.ECCC.NIR.2025,verified,Canonical record reviewed against its registered source and verified retrieval ledger; declared provenance and publication surfaces are retained.,8466bb66ec39e35eb742053834fe4ffb75b9374b7355cac3c75d826b47fd7036,,,,2026-08-17T17:00:00+00:00,audit/dataflow-integrity,derive|web-calculator|web-catalog|web-sources|package
emission_factors.csv,EF.CEMENT.CLINKER.IND,SRC.GNR.2023,verified,Canonical record reviewed against its registered source and verified retrieval ledger; declared provenance and publication surfaces are retained.,38a0d563297fce8c0f0c100ae6051c7d4e591c7367e3f3367dbbb811e6ca463d,,,,2026-08-17T17:00:00+00:00,audit/dataflow-integrity,derive|web-calculator|web-catalog|web-sources|package
emission_factors.csv,EF.CHEM.RDX.TONNE,SRC.CEOBS.2023,verified,Canonical record reviewed against its registered source and verified retrieval ledger; declared provenance and publication surfaces are retained.,de015ecea879850361e052348f0445530478caf805033c24038c8f54068ec9d5,,,,2026-08-17T17:00:00+00:00,audit/dataflow-integrity,derive|web-calculator|web-catalog|web-sources|package
emission_factors.csv,EF.CHEM.TNT.TONNE,SRC.CEOBS.2023,verified,Canonical record reviewed against its registered source and verified retrieval ledger; declared provenance and publication surfaces are retained.,de015ecea879850361e052348f0445530478caf805033c24038c8f54068ec9d5,,,,2026-08-17T17:00:00+00:00,audit/dataflow-integrity,derive|web-calculator|web-catalog|web-sources|package
emission_factors.csv,EF.CLOTHING.JACKET.SYNTH,SRC.NIINIMAKI2020,verified,Canonical record reviewed against its registered source and verified retrieval ledger; declared provenance and publication surfaces are retained.,dabc7f9eea3cb5ca426eb7f487572bfd6d2bcd254db627b4bb04ec8a60156f1a,,,,2026-08-17T17:00:00+00:00,audit/dataflow-integrity,derive|web-calculator|web-catalog|web-sources|package
emission_factors.csv,EF.CLOTHING.JEANS.DENIM,SRC.QUANTIS2018,verified,Canonical record reviewed against its registered source and verified retrieval ledger; declared provenance and publication surfaces are retained.,fc4b1665e19fc5c41a84b2952f531f7de0632cc5c849018c9d1b8453a7644c47,,,,2026-08-17T17:00:00+00:00,audit/dataflow-integrity,derive|web-calculator|web-catalog|web-sources|package
emission_factors.csv,EF.CLOTHING.SHOES.SNEAKERS,SRC.QUANTIS2018,verified,Canonical record reviewed against its registered source and verified retrieval ledger; declared provenance and publication surfaces are retained.,fc4b1665e19fc5c41a84b2952f531f7de0632cc5c849018c9d1b8453a7644c47,,,,2026-08-17T17:00:00+00:00,audit/dataflow-integrity,derive|web-calculator|web-catalog|web-sources|package
emission_factors.csv,EF.CLOTHING.TSHIRT.COTTON,SRC.WRAP2017,verified,Canonical record reviewed against its registered source and verified retrieval ledger; declared provenance and publication surfaces are retained.,3dfa69aabdd52771ec89004e3e27a0d8a8c35a2e585143700eebc00391ddb561,,,,2026-08-17T17:00:00+00:00,audit/dataflow-integrity,derive|web-calculator|web-catalog|web-sources|package
emission_factors.csv,EF.CONF.AUDIO.HOUR,SRC.DIMPACT.2021,verified,Canonical record reviewed against its registered source and verified retrieval ledger; declared provenance and publication surfaces are retained.,de3a635e224f8f4a64d4750f3e6f7efb825faad7574fcc99f6901578bffc20b1,,,,2026-08-17T17:00:00+00:00,audit/dataflow-integrity,derive|web-calculator|web-catalog|web-sources|package
emission_factors.csv,EF.CRYO.ALBEDO.2023,SRC.NASA.CRYO.2023,verified,Canonical record reviewed against its registered source and verified retrieval ledger; declared provenance and publication surfaces are retained.,558861f48630fc21e2df6965720da37c71f213886b6f42dd79a6dee4a0fad235,,,,2026-08-17T17:00:00+00:00,audit/dataflow-integrity,derive|web-calculator|web-catalog|web-sources|package
emission_factors.csv,EF.DEVICE.LAPTOP.UNIT.CA-ON,SRC.APPLE.MALMODIN.2024,verified,Canonical record reviewed against its registered source and verified retrieval ledger; declared provenance and publication surfaces are retained.,87e86dbe8545c2006ad4e9af3e7e01b0ff713d4535171f924e06c32cc1bda5ba,,,,2026-08-17T17:00:00+00:00,audit/dataflow-integrity,derive|web-calculator|web-catalog|web-sources|package
emission_factors.csv,EF.DEVICE.SMARTPHONE.UNIT.CA-ON,SRC.APPLE.MALMODIN.2024,verified,Canonical record reviewed against its registered source and verified retrieval ledger; declared provenance and publication surfaces are retained.,87e86dbe8545c2006ad4e9af3e7e01b0ff713d4535171f924e06c32cc1bda5ba,,,,2026-08-17T17:00:00+00:00,audit/dataflow-integrity,derive|web-calculator|web-catalog|web-sources|package
emission_factors.csv,EF.DEVICE.TV.UNIT.CA-ON,SRC.APPLE.MALMODIN.2024,verified,Canonical record reviewed against its registered source and verified retrieval ledger; declared provenance and publication surfaces are retained.,87e86dbe8545c2006ad4e9af3e7e01b0ff713d4535171f924e06c32cc1bda5ba,,,,2026-08-17T17:00:00+00:00,audit/dataflow-integrity,derive|web-calculator|web-catalog|web-sources|package
emission_factors.csv,EF.FLIGHT.LONGHAUL.PKM,SRC.DEFRA.AVIATION.2024,verified,Canonical record reviewed against its registered source and verified retrieval ledger; declared provenance and publication surfaces are retained.,b191a3a3e68d8dc98b522979451c749caeaed0d892dc4ced65f3f7eed8ccfc53,,,,2026-08-17T17:00:00+00:00,audit/dataflow-integrity,derive|web-calculator|web-catalog|web-sources|package
emission_factors.csv,EF.FLIGHT.PRIVATE.PKM,SRC.IEA.AVIATION.2023,verified,Canonical record reviewed against its registered source and verified retrieval ledger; declared provenance and publication surfaces are retained.,faa891e8a6987ec6a6825a282bf6cd565d27f8fbbc69f9165fd34b6e6cc072db,,,,2026-08-17T17:00:00+00:00,audit/dataflow-integrity,derive|web-calculator|web-catalog|web-sources|package
emission_factors.csv,EF.FLIGHT.SHORTHAUL.PKM,SRC.ICAO.CORSIA.2023,verified,Canonical record reviewed against its registered source and verified retrieval ledger; declared provenance and publication surfaces are retained.,bc432bc7a0a7a9d58bbfbfd1551fdbdd6a50a2da38c8ea171c22981ae0a33189,,,,2026-08-17T17:00:00+00:00,audit/dataflow-integrity,derive|web-calculator|web-catalog|web-sources|package
emission_factors.csv,EF.FOOD.COFFEE.ROASTED.POORE2018,SRC.POORE2018,verified,Canonical record reviewed against its registered source and verified retrieval ledger; declared provenance and publication surfaces are retained.,998b037a86d42a35e2f95a7731c0ed30cd1ff5564b4f87b346ac587bb1036a36,,,,2026-08-17T17:00:00+00:00,audit/dataflow-integrity,derive|web-calculator|web-catalog|web-sources|package
emission_factors.csv,EF.GASOLINE.CA.2024,SRC.NRCAN.FUEL_LCA.2024,verified,Canonical record reviewed against its registered source and verified retrieval ledger; declared provenance and publication surfaces are retained.,72d0b188c20a64d59f64592b7846d819c0d67a869bb11ea35bb48f854c88e973,,,,2026-08-17T17:00:00+00:00,audit/dataflow-integrity,derive|web-calculator|web-catalog|web-sources|package
emission_factors.csv,EF.GRID.CAON.2024,SRC.IESO.POWERDATA.2025,verified,Canonical record reviewed against its registered source and verified retrieval ledger; declared provenance and publication surfaces are retained.,d96f3fe7865f9d2fa576cc20cee5160ba3317d79aef36152a039368126ad836c,,,,2026-08-17T17:00:00+00:00,audit/dataflow-integrity,derive|web-calculator|web-catalog|web-sources|package
emission_factors.csv,EF.LOGI.AIR.TONNEKM,SRC.ICAO.CORSIA.2024,verified,Canonical record reviewed against its registered source and verified retrieval ledger; declared provenance and publication surfaces are retained.,7b40eaddc42cb1d55428771ac6048c46cfce3916ee57f1e6223abaccd147d0f4,,,,2026-08-17T17:00:00+00:00,audit/dataflow-integrity,derive|web-calculator|web-catalog|web-sources|package
emission_factors.csv,EF.LOGI.PARCEL.URBAN,SRC.EPA.SMARTWAY.2023,verified,Canonical record reviewed against its registered source and verified retrieval ledger; declared provenance and publication surfaces are retained.,ca16cac2e2d8c6fee6a57964f522cf69f089b38568371e4d719d3b8613505102,,,,2026-08-17T17:00:00+00:00,audit/dataflow-integrity,derive|web-calculator|web-catalog|web-sources|package
emission_factors.csv,EF.LOGI.SHIPPING.BULK.CA-ON,SRC.IMO.ICCT.SHIPPING.2023,verified,Canonical record reviewed against its registered source and verified retrieval ledger; declared provenance and publication surfaces are retained.,69aa19fa18a70ff6d5e507ab3322e89b8ae52c26d3f24dd4a5cca6de5c718e54,,,,2026-08-17T17:00:00+00:00,audit/dataflow-integrity,derive|web-calculator|web-catalog|web-sources|package
emission_factors.csv,EF.LOGI.SHIPPING.CONTAINER.CA-ON,SRC.IMO.ICCT.SHIPPING.2023,verified,Canonical record reviewed against its registered source and verified retrieval ledger; declared provenance and publication surfaces are retained.,69aa19fa18a70ff6d5e507ab3322e89b8ae52c26d3f24dd4a5cca6de5c718e54,,,,2026-08-17T17:00:00+00:00,audit/dataflow-integrity,derive|web-calculator|web-catalog|web-sources|package
emission_factors.csv,EF.LOGI.TRUCK.TONNEKM,SRC.NRCAN.FREIGHT.2024,verified,Canonical record reviewed against its registered source and verified retrieval ledger; declared provenance and publication surfaces are retained.,5b3f2c37dad949db72123dfcb4d6055177b58e938abefca59e7640918679eda7,,,,2026-08-17T17:00:00+00:00,audit/dataflow-integrity,derive|web-calculator|web-catalog|web-sources|package
emission_factors.csv,EF.MATERIAL.CEMENT.CLINKER.GNR2023,SRC.GNR.2023,verified,Canonical record reviewed against its registered source and verified retrieval ledger; declared provenance and publication surfaces are retained.,38a0d563297fce8c0f0c100ae6051c7d4e591c7367e3f3367dbbb811e6ca463d,,,,2026-08-17T17:00:00+00:00,audit/dataflow-integrity,derive|web-calculator|web-catalog|web-sources|package
emission_factors.csv,EF.MATERIAL.PET.VIRGIN.PE2022,SRC.PLASTICSEUROPE.2022,verified,Canonical record reviewed against its registered source and verified retrieval ledger; declared provenance and publication surfaces are retained.,80d55f585138d6961d83dcb54f14bc38ac234edb498d95d347312b2daa423f04,,,,2026-08-17T17:00:00+00:00,audit/dataflow-integrity,derive|web-calculator|web-catalog|web-sources|package
emission_factors.csv,EF.MATERIAL.STEEL.CRUDESLAB.WS2023,SRC.WORLDSTEEL.2023,verified,Canonical record reviewed against its registered source and verified retrieval ledger; declared provenance and publication surfaces are retained.,21b843892784b91d4bd3f7e3f0f23cb092f31fabe10319e5029672a4ee9a9e3a,,,,2026-08-17T17:00:00+00:00,audit/dataflow-integrity,derive|web-calculator|web-catalog|web-sources|package
emission_factors.csv,EF.MEAL.BEEF.SERVING,SRC.POORE2018,verified,Canonical record reviewed against its registered source and verified retrieval ledger; declared provenance and publication surfaces are retained.,998b037a86d42a35e2f95a7731c0ed30cd1ff5564b4f87b346ac587bb1036a36,,,,2026-08-17T17:00:00+00:00,audit/dataflow-integrity,derive|web-calculator|web-catalog|web-sources|package
emission_factors.csv,EF.MEAL.CHICKEN.SERVING,SRC.POORE2018,verified,Canonical record reviewed against its registered source and verified retrieval ledger; declared provenance and publication surfaces are retained.,998b037a86d42a35e2f95a7731c0ed30cd1ff5564b4f87b346ac587bb1036a36,,,,2026-08-17T17:00:00+00:00,audit/dataflow-integrity,derive|web-calculator|web-catalog|web-sources|package
emission_factors.csv,EF.MEAL.VEG.SERVING,SRC.POORE2018,verified,Canonical record reviewed against its registered source and verified retrieval ledger; declared provenance and publication surfaces are retained.,998b037a86d42a35e2f95a7731c0ed30cd1ff5564b4f87b346ac587bb1036a36,,,,2026-08-17T17:00:00+00:00,audit/dataflow-integrity,derive|web-calculator|web-catalog|web-sources|package
emission_factors.csv,EF.MIL.AIRCRAFT.UNIT,SRC.SIPRI.2024,verified,Canonical record reviewed against its registered source and verified retrieval ledger; declared provenance and publication surfaces are retained.,778008d6dbf7a7503a3140d36a645cd525407f3ae0b8f7c18e4402f4750dc319,,,,2026-08-17T17:00:00+00:00,audit/dataflow-integrity,derive|web-calculator|web-catalog|web-sources|package
emission_factors.csv,EF.MIL.BASE.M2.YEAR,SRC.DND.2024,verified,Canonical record reviewed against its registered source and verified retrieval ledger; declared provenance and publication surfaces are retained.,7217f245c810d265c51a4a53d7eb5ecca0ae733ee3d21b78bd4021fc020f2b05,,,,2026-08-17T17:00:00+00:00,audit/dataflow-integrity,derive|web-calculator|web-catalog|web-sources|package
emission_factors.csv,EF.MIL.CONFLICT.MONTH,SRC.UNEP.2022,verified,Canonical record reviewed against its registered source and verified retrieval ledger; declared provenance and publication surfaces are retained.,3c12452f84585651fc38245cfb04e4041f3b4657c9ec529277aea7674444c8df,,,,2026-08-17T17:00:00+00:00,audit/dataflow-integrity,derive|web-calculator|web-catalog|web-sources|package
emission_factors.csv,EF.MIL.DEPOT.M2.YEAR,SRC.DND.2024,verified,Canonical record reviewed against its registered source and verified retrieval ledger; declared provenance and publication surfaces are retained.,7217f245c810d265c51a4a53d7eb5ecca0ae733ee3d21b78bd4021fc020f2b05,,,,2026-08-17T17:00:00+00:00,audit/dataflow-integrity,derive|web-calculator|web-catalog|web-sources|package
emission_factors.csv,EF.MIL.FLIGHT.PKM,SRC.NATO.2023,verified,Canonical record reviewed against its registered source and verified retrieval ledger; declared provenance and publication surfaces are retained.,7ab1b01e6b6e6d827e22cd2b4c6f3dfe1e74a1938a4ba74f7dfcbfc04920596c,,,,2026-08-17T17:00:00+00:00,audit/dataflow-integrity,derive|web-calculator|web-catalog|web-sources|package
emission_factors.csv,EF.MIL.MUNITIONS.DETON,SRC.CEOBS.2023,verified,Canonical record reviewed against its registered source and verified retrieval ledger; declared provenance and publication surfaces are retained.,de015ecea879850361e052348f0445530478caf805033c24038c8f54068ec9d5,,,,2026-08-17T17:00:00+00:00,audit/dataflow-integrity,derive|web-calculator|web-catalog|web-sources|package
emission_factors.csv,EF.MIL.MUNITIONS.DETON.EVENT,SRC.CEOBS.2023,verified,Canonical record reviewed against its registered source and verified retrieval ledger; declared provenance and publication surfaces are retained.,de015ecea879850361e052348f0445530478caf805033c24038c8f54068ec9d5,,,,2026-08-17T17:00:00+00:00,audit/dataflow-integrity,derive|web-calculator|web-catalog|web-sources|package
emission_factors.csv,EF.MIL.MUNITIONS.TONNE,SRC.SIPRI.2024,verified,Canonical record reviewed against its registered source and verified retrieval ledger; declared provenance and publication surfaces are retained.,778008d6dbf7a7503a3140d36a645cd525407f3ae0b8f7c18e4402f4750dc319,,,,2026-08-17T17:00:00+00:00,audit/dataflow-integrity,derive|web-calculator|web-catalog|web-sources|package
emission_factors.csv,EF.MIL.NAVAL.TONNEKM,SRC.NATO.2023,verified,Canonical record reviewed against its registered source and verified retrieval ledger; declared provenance and publication surfaces are retained.,7ab1b01e6b6e6d827e22cd2b4c6f3dfe1e74a1938a4ba74f7dfcbfc04920596c,,,,2026-08-17T17:00:00+00:00,audit/dataflow-integrity,derive|web-calculator|web-catalog|web-sources|package
emission_factors.csv,EF.MIL.TANK.UNIT,SRC.SIPRI.2024,verified,Canonical record reviewed against its registered source and verified retrieval ledger; declared provenance and publication surfaces are retained.,778008d6dbf7a7503a3140d36a645cd525407f3ae0b8f7c18e4402f4750dc319,,,,2026-08-17T17:00:00+00:00,audit/dataflow-integrity,derive|web-calculator|web-catalog|web-sources|package
emission_factors.csv,EF.MIL.VEHICLE.KM,SRC.NATO.2023,verified,Canonical record reviewed against its registered source and verified retrieval ledger; declared provenance and publication surfaces are retained.,7ab1b01e6b6e6d827e22cd2b4c6f3dfe1e74a1938a4ba74f7dfcbfc04920596c,,,,2026-08-17T17:00:00+00:00,audit/dataflow-integrity,derive|web-calculator|web-catalog|web-sources|package
emission_factors.csv,EF.MINING.HAUL.TRUCK,SRC.NRCAN.FREIGHT.2024,verified,Canonical record reviewed against its registered source and verified retrieval ledger; declared provenance and publication surfaces are retained.,5b3f2c37dad949db72123dfcb4d6055177b58e938abefca59e7640918679eda7,,,,2026-08-17T17:00:00+00:00,audit/dataflow-integrity,derive|web-calculator|web-catalog|web-sources|package
emission_factors.csv,EF.MUNI.WASTE.INCIN.WARM15,SRC.EPA.WARM15.2023,verified,Canonical record reviewed against its registered source and verified retrieval ledger; declared provenance and publication surfaces are retained.,edb96301452fc631dcf64636da966de1592ef8d65d52a54eef9d460353cf3f7b,,,,2026-08-17T17:00:00+00:00,audit/dataflow-integrity,derive|web-calculator|web-catalog|web-sources|package
emission_factors.csv,EF.MUNI.WASTE.LANDFILL.WARM15,SRC.EPA.WARM15.2023,verified,Canonical record reviewed against its registered source and verified retrieval ledger; declared provenance and publication surfaces are retained.,edb96301452fc631dcf64636da966de1592ef8d65d52a54eef9d460353cf3f7b,,,,2026-08-17T17:00:00+00:00,audit/dataflow-integrity,derive|web-calculator|web-catalog|web-sources|package
emission_factors.csv,EF.MUNI.WATER.POTABLE.TO2023,SRC.TORONTO.WATER.AR2023,verified,Canonical record reviewed against its registered source and verified retrieval ledger; declared provenance and publication surfaces are retained.,6723acb41fadf27bf6b59672594913069c6073c17d9736730a6c81f8b0980a61,,,,2026-08-17T17:00:00+00:00,audit/dataflow-integrity,derive|web-calculator|web-catalog|web-sources|package
emission_factors.csv,EF.MUSIC.STREAM.HOUR,SRC.DIMPACT.2021,verified,Canonical record reviewed against its registered source and verified retrieval ledger; declared provenance and publication surfaces are retained.,de3a635e224f8f4a64d4750f3e6f7efb825faad7574fcc99f6901578bffc20b1,,,,2026-08-17T17:00:00+00:00,audit/dataflow-integrity,derive|web-calculator|web-catalog|web-sources|package
emission_factors.csv,EF.NATGAS.CA.2024,SRC.ECCC.NIR.2025,verified,Canonical record reviewed against its registered source and verified retrieval ledger; declared provenance and publication surfaces are retained.,8466bb66ec39e35eb742053834fe4ffb75b9374b7355cac3c75d826b47fd7036,,,,2026-08-17T17:00:00+00:00,audit/dataflow-integrity,derive|web-calculator|web-catalog|web-sources|package
emission_factors.csv,EF.OCEAN.ACID.PH.2023,SRC.NOAA.OCEAN.2023,verified,Canonical record reviewed against its registered source and verified retrieval ledger; declared provenance and publication surfaces are retained.,0856db4fa960ef6b9fd2154ecb5a4407ed4e54b987e9f2686698092e0f32f500,,,,2026-08-17T17:00:00+00:00,audit/dataflow-integrity,derive|web-calculator|web-catalog|web-sources|package
emission_factors.csv,EF.OCEAN.CO2.UPTAKE.2023,SRC.NOAA.OCEAN.2023,verified,Canonical record reviewed against its registered source and verified retrieval ledger; declared provenance and publication surfaces are retained.,0856db4fa960ef6b9fd2154ecb5a4407ed4e54b987e9f2686698092e0f32f500,,,,2026-08-17T17:00:00+00:00,audit/dataflow-integrity,derive|web-calculator|web-catalog|web-sources|package
emission_factors.csv,EF.ONLINE.CLOUD.DOWNLOAD.GB,SRC.SCOPE3.DATA_TRANSFER.2024,verified,Canonical record reviewed against its registered source and verified retrieval ledger; declared provenance and publication surfaces are retained.,09c70d3cb80ee558ccf2359a6a888c12eb725398f66688db5985d2410edf08f1,,,,2026-08-17T17:00:00+00:00,audit/dataflow-integrity,derive|web-calculator|web-catalog|web-sources|package
emission_factors.csv,EF.ONLINE.CONF.HD.PARTICIPANT_HOUR,SRC.NETFLIX.SR.2023,verified,Canonical record reviewed against its registered source and verified retrieval ledger; declared provenance and publication surfaces are retained.,8dc9b9d0a897ea8becdeacbb9e29b13d63ae46cd59bd67d46d44e6cf18ca91ca,,,,2026-08-17T17:00:00+00:00,audit/dataflow-integrity,derive|web-calculator|web-catalog|web-sources|package
emission_factors.csv,EF.ONLINE.MEDIA.STREAM.HD.HOUR.TV,SRC.DIMPACT.2021,verified,Canonical record reviewed against its registered source and verified retrieval ledger; declared provenance and publication surfaces are retained.,de3a635e224f8f4a64d4750f3e6f7efb825faad7574fcc99f6901578bffc20b1,,,,2026-08-17T17:00:00+00:00,audit/dataflow-integrity,derive|web-calculator|web-catalog|web-sources|package
emission_factors.csv,EF.ONLINE.SOCIAL.SCROLL.HOUR.MOBILE,SRC.DIMPACT.2021,verified,Canonical record reviewed against its registered source and verified retrieval ledger; declared provenance and publication surfaces are retained.,de3a635e224f8f4a64d4750f3e6f7efb825faad7574fcc99f6901578bffc20b1,,,,2026-08-17T17:00:00+00:00,audit/dataflow-integrity,derive|web-calculator|web-catalog|web-sources|package
emission_factors.csv,EF.PERMAFROST.EMISSIONS.2023,SRC.ECCC.PERMAFROST.2023,verified,Canonical record reviewed against its registered source and verified retrieval ledger; declared provenance and publication surfaces are retained.,6f409f79ce578d6b0aa0b96017fae6b4fa6f99b74cc07534cdbfb62799000d49,,,,2026-08-17T17:00:00+00:00,audit/dataflow-integrity,derive|web-calculator|web-catalog|web-sources|package
emission_factors.csv,EF.REFINING.FIRED,SRC.NRCAN.FUEL_LCA.2024,verified,Canonical record reviewed against its registered source and verified retrieval ledger; declared provenance and publication surfaces are retained.,72d0b188c20a64d59f64592b7846d819c0d67a869bb11ea35bb48f854c88e973,,,,2026-08-17T17:00:00+00:00,audit/dataflow-integrity,derive|web-calculator|web-catalog|web-sources|package
emission_factors.csv,EF.REFR.AC.OP.YEAR,SRC.IEA.COOLCOALITION.2024,verified,Canonical record reviewed against its registered source and verified retrieval ledger; declared provenance and publication surfaces are retained.,82db3c1fc925b72a4833d233114494f911bbf7d14e7337a29882767f21bc3429,,,,2026-08-17T17:00:00+00:00,audit/dataflow-integrity,derive|web-calculator|web-catalog|web-sources|package
emission_factors.csv,EF.REFR.AC.UNIT,SRC.UNEP.TEAP.2023,verified,Canonical record reviewed against its registered source and verified retrieval ledger; declared provenance and publication surfaces are retained.,29a2823f7ddb17dc552edbb60957f00ad6ffbfacac6c1a6c6c40b7c282ee4675,,,,2026-08-17T17:00:00+00:00,audit/dataflow-integrity,derive|web-calculator|web-catalog|web-sources|package
emission_factors.csv,EF.REFR.COLDCHAIN.KG,SRC.FAO.IEA.COLDCHAIN.2024,verified,Canonical record reviewed against its registered source and verified retrieval ledger; declared provenance and publication surfaces are retained.,7b16a7fbb815713848722e42fcb9f4c423020c5e5906fbab786d24eb55f712ef,,,,2026-08-17T17:00:00+00:00,audit/dataflow-integrity,derive|web-calculator|web-catalog|web-sources|package
emission_factors.csv,EF.REFR.FRIDGE.OP.YEAR,SRC.IEA.COOLING.2024,verified,Canonical record reviewed against its registered source and verified retrieval ledger; declared provenance and publication surfaces are retained.,4e35cf8a613106ec09581c20c4bbdf33402c7e15a19c3d1f098e9426ac8a5340,,,,2026-08-17T17:00:00+00:00,audit/dataflow-integrity,derive|web-calculator|web-catalog|web-sources|package
emission_factors.csv,EF.REFR.FRIDGE.UNIT,SRC.WRAP.2023,verified,Canonical record reviewed against its registered source and verified retrieval ledger; declared provenance and publication surfaces are retained.,c0b6d874f6a463ef312b4186165cbd43577bc96c4e08f80e5f557722b11a1911,,,,2026-08-17T17:00:00+00:00,audit/dataflow-integrity,derive|web-calculator|web-catalog|web-sources|package
emission_factors.csv,EF.RIVER.HYPOXIA.2023,SRC.RIVER.HYPOXIA.2020,verified,Canonical record reviewed against its registered source and verified retrieval ledger; declared provenance and publication surfaces are retained.,8eca23616c6ec1ae39eb18690ae148f16ea047ef058bfc36a9b2864c90e4b49f,,,,2026-08-17T17:00:00+00:00,audit/dataflow-integrity,derive|web-calculator|web-catalog|web-sources|package
emission_factors.csv,EF.SEC.CONVOY.KM,SRC.PRIVSEC.2024,verified,Canonical record reviewed against its registered source and verified retrieval ledger; declared provenance and publication surfaces are retained.,2ef70a939c2160f83fc1a7b8c6ec806ad71a71194a2e27fdcb073bd962631c0e,,,,2026-08-17T17:00:00+00:00,audit/dataflow-integrity,derive|web-calculator|web-catalog|web-sources|package
emission_factors.csv,EF.SEC.GUARD.HOUR,SRC.PRIVSEC.2024,verified,Canonical record reviewed against its registered source and verified retrieval ledger; declared provenance and publication surfaces are retained.,2ef70a939c2160f83fc1a7b8c6ec806ad71a71194a2e27fdcb073bd962631c0e,,,,2026-08-17T17:00:00+00:00,audit/dataflow-integrity,derive|web-calculator|web-catalog|web-sources|package
emission_factors.csv,EF.SEC.HELI.HOUR,SRC.PRIVSEC.2024,verified,Canonical record reviewed against its registered source and verified retrieval ledger; declared provenance and publication surfaces are retained.,2ef70a939c2160f83fc1a7b8c6ec806ad71a71194a2e27fdcb073bd962631c0e,,,,2026-08-17T17:00:00+00:00,audit/dataflow-integrity,derive|web-calculator|web-catalog|web-sources|package
emission_factors.csv,EF.SOCIAL.FACEBOOK.HOUR,SRC.HINTEMANN.2022,verified,Canonical record reviewed against its registered source and verified retrieval ledger; declared provenance and publication surfaces are retained.,b65c47ed8da5f570ffed9bcc96c9017c65dfdcb6c9932cea247f5390bf3416b2,,,,2026-08-17T17:00:00+00:00,audit/dataflow-integrity,derive|web-calculator|web-catalog|web-sources|package
emission_factors.csv,EF.SOCIAL.FACEBOOK.HOUR,SRC.IEA.DIGITAL.NETWORKS.2023,verified,Canonical record reviewed against its registered source and verified retrieval ledger; declared provenance and publication surfaces are retained.,1de58a6f97e2f4e470badf63292758b80d59acfe2efdbdfddb9b52c4b101a1d4,,,,2026-08-17T17:00:00+00:00,audit/dataflow-integrity,derive|web-calculator|web-catalog|web-sources|package
emission_factors.csv,EF.SOCIAL.INSTAGRAM.HOUR,SRC.HINTEMANN.2022,verified,Canonical record reviewed against its registered source and verified retrieval ledger; declared provenance and publication surfaces are retained.,b65c47ed8da5f570ffed9bcc96c9017c65dfdcb6c9932cea247f5390bf3416b2,,,,2026-08-17T17:00:00+00:00,audit/dataflow-integrity,derive|web-calculator|web-catalog|web-sources|package
emission_factors.csv,EF.SOCIAL.INSTAGRAM.HOUR,SRC.IEA.DIGITAL.NETWORKS.2023,verified,Canonical record reviewed against its registered source and verified retrieval ledger; declared provenance and publication surfaces are retained.,1de58a6f97e2f4e470badf63292758b80d59acfe2efdbdfddb9b52c4b101a1d4,,,,2026-08-17T17:00:00+00:00,audit/dataflow-integrity,derive|web-calculator|web-catalog|web-sources|package
emission_factors.csv,EF.SOCIAL.LINKEDIN.HOUR,SRC.HINTEMANN.2022,verified,Canonical record reviewed against its registered source and verified retrieval ledger; declared provenance and publication surfaces are retained.,b65c47ed8da5f570ffed9bcc96c9017c65dfdcb6c9932cea247f5390bf3416b2,,,,2026-08-17T17:00:00+00:00,audit/dataflow-integrity,derive|web-calculator|web-catalog|web-sources|package
emission_factors.csv,EF.SOCIAL.LINKEDIN.HOUR,SRC.IEA.DIGITAL.NETWORKS.2023,verified,Canonical record reviewed against its registered source and verified retrieval ledger; declared provenance and publication surfaces are retained.,1de58a6f97e2f4e470badf63292758b80d59acfe2efdbdfddb9b52c4b101a1d4,,,,2026-08-17T17:00:00+00:00,audit/dataflow-integrity,derive|web-calculator|web-catalog|web-sources|package
emission_factors.csv,EF.SOCIAL.SNAPCHAT.HOUR,SRC.HINTEMANN.2022,verified,Canonical record reviewed against its registered source and verified retrieval ledger; declared provenance and publication surfaces are retained.,b65c47ed8da5f570ffed9bcc96c9017c65dfdcb6c9932cea247f5390bf3416b2,,,,2026-08-17T17:00:00+00:00,audit/dataflow-integrity,derive|web-calculator|web-catalog|web-sources|package
emission_factors.csv,EF.SOCIAL.SNAPCHAT.HOUR,SRC.IEA.DIGITAL.NETWORKS.2023,verified,Canonical record reviewed against its registered source and verified retrieval ledger; declared provenance and publication surfaces are retained.,1de58a6f97e2f4e470badf63292758b80d59acfe2efdbdfddb9b52c4b101a1d4,,,,2026-08-17T17:00:00+00:00,audit/dataflow-integrity,derive|web-calculator|web-catalog|web-sources|package
emission_factors.csv,EF.SOCIAL.TIKTOK.HOUR,SRC.HINTEMANN.2022,verified,Canonical record reviewed against its registered source and verified retrieval ledger; declared provenance and publication surfaces are retained.,b65c47ed8da5f570ffed9bcc96c9017c65dfdcb6c9932cea247f5390bf3416b2,,,,2026-08-17T17:00:00+00:00,audit/dataflow-integrity,derive|web-calculator|web-catalog|web-sources|package
emission_factors.csv,EF.SOCIAL.TIKTOK.HOUR,SRC.IEA.DIGITAL.NETWORKS.2023,verified,Canonical record reviewed against its registered source and verified retrieval ledger; declared provenance and publication surfaces are retained.,1de58a6f97e2f4e470badf63292758b80d59acfe2efdbdfddb9b52c4b101a1d4,,,,2026-08-17T17:00:00+00:00,audit/dataflow-integrity,derive|web-calculator|web-catalog|web-sources|package
emission_factors.csv,EF.SOCIAL.TWITTER.HOUR,SRC.HINTEMANN.2022,verified,Canonical record reviewed against its registered source and verified retrieval ledger; declared provenance and publication surfaces are retained.,b65c47ed8da5f570ffed9bcc96c9017c65dfdcb6c9932cea247f5390bf3416b2,,,,2026-08-17T17:00:00+00:00,audit/dataflow-integrity,derive|web-calculator|web-catalog|web-sources|package
emission_factors.csv,EF.SOCIAL.TWITTER.HOUR,SRC.IEA.DIGITAL.NETWORKS.2023,verified,Canonical record reviewed against its registered source and verified retrieval ledger; declared provenance and publication surfaces are retained.,1de58a6f97e2f4e470badf63292758b80d59acfe2efdbdfddb9b52c4b101a1d4,,,,2026-08-17T17:00:00+00:00,audit/dataflow-integrity,derive|web-calculator|web-catalog|web-sources|package
emission_factors.csv,EF.SOCIAL.YOUTUBE.HOUR,SRC.ELSWORTH.GOOGLE.2025,verified,Canonical record reviewed against its registered source and verified retrieval ledger; declared provenance and publication surfaces are retained.,f15824434904fab0c041bdd21c3db4c40076d58cfda2efa3518c8e28ba9d9281,,,,2026-08-17T17:00:00+00:00,audit/dataflow-integrity,derive|web-calculator|web-catalog|web-sources|package
emission_factors.csv,EF.SOCIAL.YOUTUBE.HOUR,SRC.HINTEMANN.2022,verified,Canonical record reviewed against its registered source and verified retrieval ledger; declared provenance and publication surfaces are retained.,b65c47ed8da5f570ffed9bcc96c9017c65dfdcb6c9932cea247f5390bf3416b2,,,,2026-08-17T17:00:00+00:00,audit/dataflow-integrity,derive|web-calculator|web-catalog|web-sources|package
emission_factors.csv,EF.SOCIAL.YOUTUBE.HOUR,SRC.IEA.DIGITAL.NETWORKS.2023,verified,Canonical record reviewed against its registered source and verified retrieval ledger; declared provenance and publication surfaces are retained.,1de58a6f97e2f4e470badf63292758b80d59acfe2efdbdfddb9b52c4b101a1d4,,,,2026-08-17T17:00:00+00:00,audit/dataflow-integrity,derive|web-calculator|web-catalog|web-sources|package
emission_factors.csv,EF.STEEL.EAF.IND,SRC.WORLDSTEEL.2023,verified,Canonical record reviewed against its registered source and verified retrieval ledger; declared provenance and publication surfaces are retained.,21b843892784b91d4bd3f7e3f0f23cb092f31fabe10319e5029672a4ee9a9e3a,,,,2026-08-17T17:00:00+00:00,audit/dataflow-integrity,derive|web-calculator|web-catalog|web-sources|package
emission_factors.csv,EF.STREAM.HD.HOUR.CA-ON,SRC.DIMPACT.STREAMING.2022,verified,Canonical record reviewed against its registered source and verified retrieval ledger; declared provenance and publication surfaces are retained.,eecc9b96eaa32eb1d932a6435cd530fcbf8329c02529995b19c4f241bf939b7b,,,,2026-08-17T17:00:00+00:00,audit/dataflow-integrity,derive|web-calculator|web-catalog|web-sources|package
emission_factors.csv,EF.STREAM.HD.HOUR.CA-ON,SRC.IESO.POWERDATA.2025,verified,Canonical record reviewed against its registered source and verified retrieval ledger; declared provenance and publication surfaces are retained.,d96f3fe7865f9d2fa576cc20cee5160ba3317d79aef36152a039368126ad836c,,,,2026-08-17T17:00:00+00:00,audit/dataflow-integrity,derive|web-calculator|web-catalog|web-sources|package
emission_factors.csv,EF.STREAM.SD.MOBILE,SRC.DIMPACT.STREAMING.2022,verified,Canonical record reviewed against its registered source and verified retrieval ledger; declared provenance and publication surfaces are retained.,eecc9b96eaa32eb1d932a6435cd530fcbf8329c02529995b19c4f241bf939b7b,,,,2026-08-17T17:00:00+00:00,audit/dataflow-integrity,derive|web-calculator|web-catalog|web-sources|package
emission_factors.csv,EF.STREAM.UHD.HOUR.CA-ON,SRC.DIMPACT.STREAMING.2022,verified,Canonical record reviewed against its registered source and verified retrieval ledger; declared provenance and publication surfaces are retained.,eecc9b96eaa32eb1d932a6435cd530fcbf8329c02529995b19c4f241bf939b7b,,,,2026-08-17T17:00:00+00:00,audit/dataflow-integrity,derive|web-calculator|web-catalog|web-sources|package
emission_factors.csv,EF.STREAM.UHD.HOUR.CA-ON,SRC.IESO.POWERDATA.2025,verified,Canonical record reviewed against its registered source and verified retrieval ledger; declared provenance and publication surfaces are retained.,d96f3fe7865f9d2fa576cc20cee5160ba3317d79aef36152a039368126ad836c,,,,2026-08-17T17:00:00+00:00,audit/dataflow-integrity,derive|web-calculator|web-catalog|web-sources|package
emission_factors.csv,EF.STREAM.UHD.TV,SRC.DIMPACT.STREAMING.2022,verified,Canonical record reviewed against its registered source and verified retrieval ledger; declared provenance and publication surfaces are retained.,eecc9b96eaa32eb1d932a6435cd530fcbf8329c02529995b19c4f241bf939b7b,,,,2026-08-17T17:00:00+00:00,audit/dataflow-integrity,derive|web-calculator|web-catalog|web-sources|package
emission_factors.csv,EF.TAILINGS.DEGASS.2023,SRC.AB.TAILINGS.2023,verified,Canonical record reviewed against its registered source and verified retrieval ledger; declared provenance and publication surfaces are retained.,8d44ed30058d9c503f4475146bcbf9f024c551e046d3d999bfcd71ebe3a39dbf,,,,2026-08-17T17:00:00+00:00,audit/dataflow-integrity,derive|web-calculator|web-catalog|web-sources|package
emission_factors.csv,EF.TAILINGS.POND.2023,SRC.AB.TAILINGS.2023,verified,Canonical record reviewed against its registered source and verified retrieval ledger; declared provenance and publication surfaces are retained.,8d44ed30058d9c503f4475146bcbf9f024c551e046d3d999bfcd71ebe3a39dbf,,,,2026-08-17T17:00:00+00:00,audit/dataflow-integrity,derive|web-calculator|web-catalog|web-sources|package
emission_factors.csv,EF.TRUCK.CLASS6.KM,SRC.EPA.MOVES.HDV.2021,verified,Canonical record reviewed against its registered source and verified retrieval ledger; declared provenance and publication surfaces are retained.,36daa9df6b2e9b7afd36d9a6b5388dc3022aa68d393e3a734a0afaee602ff62d,,,,2026-08-17T17:00:00+00:00,audit/dataflow-integrity,derive|web-calculator|web-catalog|web-sources|package
emission_factors.csv,EF.TRUCK.CLASS6.KM,SRC.EPA.SMARTWAY.2023,verified,Canonical record reviewed against its registered source and verified retrieval ledger; declared provenance and publication surfaces are retained.,ca16cac2e2d8c6fee6a57964f522cf69f089b38568371e4d719d3b8613505102,,,,2026-08-17T17:00:00+00:00,audit/dataflow-integrity,derive|web-calculator|web-catalog|web-sources|package
emission_factors.csv,EF.TTC.BUS.PKM,SRC.UK.BEIS.GHGFACTORS.2023,verified,Canonical record reviewed against its registered source and verified retrieval ledger; declared provenance and publication surfaces are retained.,e47a163feaec549ed5dd244ea6905280d5a28194f4240eb5d2fee5cb988f943b,,,,2026-08-17T17:00:00+00:00,audit/dataflow-integrity,derive|web-calculator|web-catalog|web-sources|package
emission_factors.csv,EF.TTC.SUBWAY.PKM,SRC.CUTA.TTC.2017,verified,Canonical record reviewed against its registered source and verified retrieval ledger; declared provenance and publication surfaces are retained.,335fb2df1ed80f6725e8282385e5a4ae9fb7d64cdfcbabd4bdd3332116add303,,,,2026-08-17T17:00:00+00:00,audit/dataflow-integrity,derive|web-calculator|web-catalog|web-sources|package
emission_factors.csv,EF.WILDFIRE.EVENT,SRC.ECCC.NIR.2025,verified,Canonical record reviewed against its registered source and verified retrieval ledger; declared provenance and publication surfaces are retained.,8466bb66ec39e35eb742053834fe4ffb75b9374b7355cac3c75d826b47fd7036,,,,2026-08-17T17:00:00+00:00,audit/dataflow-integrity,derive|web-calculator|web-catalog|web-sources|package
emission_factors.csv,EF.WILDFIRE.HECTARE,SRC.ECCC.NIR.2025,verified,Canonical record reviewed against its registered source and verified retrieval ledger; declared provenance and publication surfaces are retained.,8466bb66ec39e35eb742053834fe4ffb75b9374b7355cac3c75d826b47fd7036,,,,2026-08-17T17:00:00+00:00,audit/dataflow-integrity,derive|web-calculator|web-catalog|web-sources|package
emission_factors.csv,GRID.CA-ON.2024,SRC.IESO.POWERDATA.2025,verified,Canonical record reviewed against its registered source and verified retrieval ledger; declared provenance and publication surfaces are retained.,d96f3fe7865f9d2fa576cc20cee5160ba3317d79aef36152a039368126ad836c,,,,2026-08-17T17:00:00+00:00,audit/dataflow-integrity,derive|web-calculator|web-catalog|web-sources|package
equity_benchmarks.csv,ANNEX_I|2023,SRC.UNFCCC.2024,verified,Canonical record reviewed against its registered source and verified retrieval ledger; declared provenance and publication surfaces are retained.,d02032286070b4dd9d8fbd985a7bdca8af8edf52b89ff177db3bfcb2c8a9c43d,,,,2026-08-17T17:00:00+00:00,audit/dataflow-integrity,web-catalog|web-sources|package
equity_benchmarks.csv,AUS|2023,SRC.AU.GCP.2024,verified,Canonical record reviewed against its registered source and verified retrieval ledger; declared provenance and publication surfaces are retained.,c05bf1026f515dddc4b5658b50a76bc556d5d89aa291178e3c33025404699cfe,,,,2026-08-17T17:00:00+00:00,audit/dataflow-integrity,web-catalog|web-sources|package
equity_benchmarks.csv,BRA|2023,SRC.BR.GCP.2024,verified,Canonical record reviewed against its registered source and verified retrieval ledger; declared provenance and publication surfaces are retained.,c05bf1026f515dddc4b5658b50a76bc556d5d89aa291178e3c33025404699cfe,,,,2026-08-17T17:00:00+00:00,audit/dataflow-integrity,web-catalog|web-sources|package
equity_benchmarks.csv,CA|2023,SRC.ECCC.NIR.2025,verified,Canonical record reviewed against its registered source and verified retrieval ledger; declared provenance and publication surfaces are retained.,8466bb66ec39e35eb742053834fe4ffb75b9374b7355cac3c75d826b47fd7036,,,,2026-08-17T17:00:00+00:00,audit/dataflow-integrity,web-catalog|web-sources|package
equity_benchmarks.csv,CHN|2023,SRC.CN.GCP.2024,verified,Canonical record reviewed against its registered source and verified retrieval ledger; declared provenance and publication surfaces are retained.,c05bf1026f515dddc4b5658b50a76bc556d5d89aa291178e3c33025404699cfe,,,,2026-08-17T17:00:00+00:00,audit/dataflow-integrity,web-catalog|web-sources|package
equity_benchmarks.csv,DEU|2023,SRC.DE.GCP.2024,verified,Canonical record reviewed against its registered source and verified retrieval ledger; declared provenance and publication surfaces are retained.,c05bf1026f515dddc4b5658b50a76bc556d5d89aa291178e3c33025404699cfe,,,,2026-08-17T17:00:00+00:00,audit/dataflow-integrity,web-catalog|web-sources|package
equity_benchmarks.csv,EU27|2023,SRC.EEA.2024,verified,Canonical record reviewed against its registered source and verified retrieval ledger; declared provenance and publication surfaces are retained.,984a9a55a26fb0e58f3bdbcc884718f2642d0483849545dc834d1fa03b2098bd,,,,2026-08-17T17:00:00+00:00,audit/dataflow-integrity,web-catalog|web-sources|package
equity_benchmarks.csv,FRA|2023,SRC.FR.GCP.2024,verified,Canonical record reviewed against its registered source and verified retrieval ledger; declared provenance and publication surfaces are retained.,c05bf1026f515dddc4b5658b50a76bc556d5d89aa291178e3c33025404699cfe,,,,2026-08-17T17:00:00+00:00,audit/dataflow-integrity,web-catalog|web-sources|package
equity_benchmarks.csv,G20|2023,SRC.G20.2024,verified,Canonical record reviewed against its registered source and verified retrieval ledger; declared provenance and publication surfaces are retained.,e58c6bcbe067cb12491c2806a9f03cd9877c93ba764bd10762d8b2aaf23b08fa,,,,2026-08-17T17:00:00+00:00,audit/dataflow-integrity,web-catalog|web-sources|package
equity_benchmarks.csv,GBR|2023,SRC.GB.GCP.2024,verified,Canonical record reviewed against its registered source and verified retrieval ledger; declared provenance and publication surfaces are retained.,c05bf1026f515dddc4b5658b50a76bc556d5d89aa291178e3c33025404699cfe,,,,2026-08-17T17:00:00+00:00,audit/dataflow-integrity,web-catalog|web-sources|package
equity_benchmarks.csv,GLOBAL|2023,SRC.GCP.2024,verified,Canonical record reviewed against its registered source and verified retrieval ledger; declared provenance and publication surfaces are retained.,c05bf1026f515dddc4b5658b50a76bc556d5d89aa291178e3c33025404699cfe,,,,2026-08-17T17:00:00+00:00,audit/dataflow-integrity,web-catalog|web-sources|package
equity_benchmarks.csv,IDN|2023,SRC.ID.GCP.2024,verified,Canonical record reviewed against its registered source and verified retrieval ledger; declared provenance and publication surfaces are retained.,c05bf1026f515dddc4b5658b50a76bc556d5d89aa291178e3c33025404699cfe,,,,2026-08-17T17:00:00+00:00,audit/dataflow-integrity,web-catalog|web-sources|package
equity_benchmarks.csv,IND|2023,SRC.IN.GCP.2024,verified,Canonical record reviewed against its registered source and verified retrieval ledger; declared provenance and publication surfaces are retained.,c05bf1026f515dddc4b5658b50a76bc556d5d89aa291178e3c33025404699cfe,,,,2026-08-17T17:00:00+00:00,audit/dataflow-integrity,web-catalog|web-sources|package
equity_benchmarks.csv,JPN|2023,SRC.JP.GCP.2024,verified,Canonical record reviewed against its registered source and verified retrieval ledger; declared provenance and publication surfaces are retained.,c05bf1026f515dddc4b5658b50a76bc556d5d89aa291178e3c33025404699cfe,,,,2026-08-17T17:00:00+00:00,audit/dataflow-integrity,web-catalog|web-sources|package
equity_benchmarks.csv,KOR|2023,SRC.KR.GCP.2024,verified,Canonical record reviewed against its registered source and verified retrieval ledger; declared provenance and publication surfaces are retained.,c05bf1026f515dddc4b5658b50a76bc556d5d89aa291178e3c33025404699cfe,,,,2026-08-17T17:00:00+00:00,audit/dataflow-integrity,web-catalog|web-sources|package
equity_benchmarks.csv,LDC|2023,SRC.UN.LDC.2024,verified,Canonical record reviewed against its registered source and verified retrieval ledger; declared provenance and publication surfaces are retained.,a5e343da9d7461870e6b27118f36d7103042e7c8d0c38319239545684df89ce0,,,,2026-08-17T17:00:00+00:00,audit/dataflow-integrity,web-catalog|web-sources|package
equity_benchmarks.csv,MEX|2023,SRC.MX.GCP.2024,verified,Canonical record reviewed against its registered source and verified retrieval ledger; declared provenance and publication surfaces are retained.,c05bf1026f515dddc4b5658b50a76bc556d5d89aa291178e3c33025404699cfe,,,,2026-08-17T17:00:00+00:00,audit/dataflow-integrity,web-catalog|web-sources|package
equity_benchmarks.csv,NON_ANNEX_I|2023,SRC.UNFCCC.2024,verified,Canonical record reviewed against its registered source and verified retrieval ledger; declared provenance and publication surfaces are retained.,d02032286070b4dd9d8fbd985a7bdca8af8edf52b89ff177db3bfcb2c8a9c43d,,,,2026-08-17T17:00:00+00:00,audit/dataflow-integrity,web-catalog|web-sources|package
equity_benchmarks.csv,OECD|2023,SRC.OECD.2024,verified,Canonical record reviewed against its registered source and verified retrieval ledger; declared provenance and publication surfaces are retained.,754eeab388e284add7106b59fc843b58a845b5af5ae71e41cd9a3e4b3b5f8df8,,,,2026-08-17T17:00:00+00:00,audit/dataflow-integrity,web-catalog|web-sources|package
equity_benchmarks.csv,RUS|2023,SRC.RU.GCP.2024,verified,Canonical record reviewed against its registered source and verified retrieval ledger; declared provenance and publication surfaces are retained.,c05bf1026f515dddc4b5658b50a76bc556d5d89aa291178e3c33025404699cfe,,,,2026-08-17T17:00:00+00:00,audit/dataflow-integrity,web-catalog|web-sources|package
equity_benchmarks.csv,SAU|2023,SRC.SA.GCP.2024,verified,Canonical record reviewed against its registered source and verified retrieval ledger; declared provenance and publication surfaces are retained.,c05bf1026f515dddc4b5658b50a76bc556d5d89aa291178e3c33025404699cfe,,,,2026-08-17T17:00:00+00:00,audit/dataflow-integrity,web-catalog|web-sources|package
equity_benchmarks.csv,SIDS|2023,SRC.UN.SIDS.2024,verified,Canonical record reviewed against its registered source and verified retrieval ledger; declared provenance and publication surfaces are retained.,17f9094cc392a035025481705023e1ec9a8d377015aa98d984b538b893977fd0,,,,2026-08-17T17:00:00+00:00,audit/dataflow-integrity,web-catalog|web-sources|package
equity_benchmarks.csv,TUR|2023,SRC.TR.GCP.2024,verified,Canonical record reviewed against its registered source and verified retrieval ledger; declared provenance and publication surfaces are retained.,c05bf1026f515dddc4b5658b50a76bc556d5d89aa291178e3c33025404699cfe,,,,2026-08-17T17:00:00+00:00,audit/dataflow-integrity,web-catalog|web-sources|package
equity_benchmarks.csv,USA|2023,SRC.EPA.GHG.2024,verified,Canonical record reviewed against its registered source and verified retrieval ledger; declared provenance and publication surfaces are retained.,02bac7c896df164bad4c2f292f25cd4355ff17a6c1477fb698022bdb58ac46a8,,,,2026-08-17T17:00:00+00:00,audit/dataflow-integrity,web-catalog|web-sources|package
equity_benchmarks.csv,ZAF|2023,SRC.ZA.GCP.2024,verified,Canonical record reviewed against its registered source and verified retrieval ledger; declared provenance and publication surfaces are retained.,c05bf1026f515dddc4b5658b50a76bc556d5d89aa291178e3c33025404699cfe,,,,2026-08-17T17:00:00+00:00,audit/dataflow-integrity,web-catalog|web-sources|package
feedback_loops.csv,FB.ACID.OCEAN,SRC.NOAA.OCEAN.2023,verified,Canonical record reviewed against its registered source and verified retrieval ledger; declared provenance and publication surfaces are retained.,0856db4fa960ef6b9fd2154ecb5a4407ed4e54b987e9f2686698092e0f32f500,,,,2026-08-17T17:00:00+00:00,audit/dataflow-integrity,web-catalog|web-sources|package
feedback_loops.csv,FB.AMD.BIOGEOCHEM,SRC.INTL.MINING.2022,verified,Canonical record reviewed against its registered source and verified retrieval ledger; declared provenance and publication surfaces are retained.,1f60d54d321ee7a8a6b38235a939111e73de5a1564e5e1d20d702c0c0db3ff3a,,,,2026-08-17T17:00:00+00:00,audit/dataflow-integrity,web-catalog|web-sources|package
feedback_loops.csv,FB.CRYO.ALBEDO,SRC.IPCC.AR6.WG1.2021,verified,Canonical record reviewed against its registered source and verified retrieval ledger; declared provenance and publication surfaces are retained.,58460dcab217429713b53ed08b95286b88979a92fafdc4b4331407f6bce610c1,,,,2026-08-17T17:00:00+00:00,audit/dataflow-integrity,web-catalog|web-sources|package
feedback_loops.csv,FB.HYPOXIA.SINKLOSS,SRC.RIVER.HYPOXIA.2020,verified,Canonical record reviewed against its registered source and verified retrieval ledger; declared provenance and publication surfaces are retained.,8eca23616c6ec1ae39eb18690ae148f16ea047ef058bfc36a9b2864c90e4b49f,,,,2026-08-17T17:00:00+00:00,audit/dataflow-integrity,web-catalog|web-sources|package
feedback_loops.csv,FB.TAILINGS.METHANE,SRC.AB.TAILINGS.2023,verified,Canonical record reviewed against its registered source and verified retrieval ledger; declared provenance and publication surfaces are retained.,8d44ed30058d9c503f4475146bcbf9f024c551e046d3d999bfcd71ebe3a39dbf,,,,2026-08-17T17:00:00+00:00,audit/dataflow-integrity,web-catalog|web-sources|package
grid_intensity.csv,CA-AB|2021,SRC.ECCC.NIR.2025,verified,Canonical record reviewed against its registered source and verified retrieval ledger; declared provenance and publication surfaces are retained.,8466bb66ec39e35eb742053834fe4ffb75b9374b7355cac3c75d826b47fd7036,,,,2026-08-17T17:00:00+00:00,audit/dataflow-integrity,derive|web-calculator|web-catalog|web-sources|package
grid_intensity.csv,CA-AB|2022,SRC.ECCC.NIR.2025,verified,Canonical record reviewed against its registered source and verified retrieval ledger; declared provenance and publication surfaces are retained.,8466bb66ec39e35eb742053834fe4ffb75b9374b7355cac3c75d826b47fd7036,,,,2026-08-17T17:00:00+00:00,audit/dataflow-integrity,derive|web-calculator|web-catalog|web-sources|package
grid_intensity.csv,CA-AB|2023,SRC.ECCC.NIR.2025,verified,Canonical record reviewed against its registered source and verified retrieval ledger; declared provenance and publication surfaces are retained.,8466bb66ec39e35eb742053834fe4ffb75b9374b7355cac3c75d826b47fd7036,,,,2026-08-17T17:00:00+00:00,audit/dataflow-integrity,derive|web-calculator|web-catalog|web-sources|package
grid_intensity.csv,CA-AB|2024,SRC.CER.AB.2024,verified,Canonical record reviewed against its registered source and verified retrieval ledger; declared provenance and publication surfaces are retained.,4a376eb7e447b8441bd5263fad1c7dddd6816381a472494a41458d7dc3666720,,,,2026-08-17T17:00:00+00:00,audit/dataflow-integrity,derive|web-calculator|web-catalog|web-sources|package
grid_intensity.csv,CA-AB|2025,SRC.ECCC.NIR.2025,verified,Canonical record reviewed against its registered source and verified retrieval ledger; declared provenance and publication surfaces are retained.,8466bb66ec39e35eb742053834fe4ffb75b9374b7355cac3c75d826b47fd7036,,,,2026-08-17T17:00:00+00:00,audit/dataflow-integrity,derive|web-calculator|web-catalog|web-sources|package
grid_intensity.csv,CA-BC|2021,SRC.ECCC.NIR.2025,verified,Canonical record reviewed against its registered source and verified retrieval ledger; declared provenance and publication surfaces are retained.,8466bb66ec39e35eb742053834fe4ffb75b9374b7355cac3c75d826b47fd7036,,,,2026-08-17T17:00:00+00:00,audit/dataflow-integrity,derive|web-calculator|web-catalog|web-sources|package
grid_intensity.csv,CA-BC|2022,SRC.ECCC.NIR.2025,verified,Canonical record reviewed against its registered source and verified retrieval ledger; declared provenance and publication surfaces are retained.,8466bb66ec39e35eb742053834fe4ffb75b9374b7355cac3c75d826b47fd7036,,,,2026-08-17T17:00:00+00:00,audit/dataflow-integrity,derive|web-calculator|web-catalog|web-sources|package
grid_intensity.csv,CA-BC|2023,SRC.ECCC.NIR.2025,verified,Canonical record reviewed against its registered source and verified retrieval ledger; declared provenance and publication surfaces are retained.,8466bb66ec39e35eb742053834fe4ffb75b9374b7355cac3c75d826b47fd7036,,,,2026-08-17T17:00:00+00:00,audit/dataflow-integrity,derive|web-calculator|web-catalog|web-sources|package
grid_intensity.csv,CA-BC|2024,SRC.CER.BC.2024,verified,Canonical record reviewed against its registered source and verified retrieval ledger; declared provenance and publication surfaces are retained.,4a376eb7e447b8441bd5263fad1c7dddd6816381a472494a41458d7dc3666720,,,,2026-08-17T17:00:00+00:00,audit/dataflow-integrity,derive|web-calculator|web-catalog|web-sources|package
grid_intensity.csv,CA-BC|2025,SRC.ECCC.NIR.2025,verified,Canonical record reviewed against its registered source and verified retrieval ledger; declared provenance and publication surfaces are retained.,8466bb66ec39e35eb742053834fe4ffb75b9374b7355cac3c75d826b47fd7036,,,,2026-08-17T17:00:00+00:00,audit/dataflow-integrity,derive|web-calculator|web-catalog|web-sources|package
grid_intensity.csv,CA-ON|2024,SRC.IESO.POWERDATA.2025,verified,Canonical record reviewed against its registered source and verified retrieval ledger; declared provenance and publication surfaces are retained.,d96f3fe7865f9d2fa576cc20cee5160ba3317d79aef36152a039368126ad836c,,,,2026-08-17T17:00:00+00:00,audit/dataflow-integrity,derive|web-calculator|web-catalog|web-sources|package
grid_intensity.csv,CA-ON|2025,SRC.IESO.POWERDATA.2025,verified,Canonical record reviewed against its registered source and verified retrieval ledger; declared provenance and publication surfaces are retained.,d96f3fe7865f9d2fa576cc20cee5160ba3317d79aef36152a039368126ad836c,,,,2026-08-17T17:00:00+00:00,audit/dataflow-integrity,derive|web-calculator|web-catalog|web-sources|package
grid_intensity.csv,CA-QC|2021,SRC.ECCC.NIR.2025,verified,Canonical record reviewed against its registered source and verified retrieval ledger; declared provenance and publication surfaces are retained.,8466bb66ec39e35eb742053834fe4ffb75b9374b7355cac3c75d826b47fd7036,,,,2026-08-17T17:00:00+00:00,audit/dataflow-integrity,derive|web-calculator|web-catalog|web-sources|package
grid_intensity.csv,CA-QC|2022,SRC.ECCC.NIR.2025,verified,Canonical record reviewed against its registered source and verified retrieval ledger; declared provenance and publication surfaces are retained.,8466bb66ec39e35eb742053834fe4ffb75b9374b7355cac3c75d826b47fd7036,,,,2026-08-17T17:00:00+00:00,audit/dataflow-integrity,derive|web-calculator|web-catalog|web-sources|package
grid_intensity.csv,CA-QC|2023,SRC.ECCC.NIR.2025,verified,Canonical record reviewed against its registered source and verified retrieval ledger; declared provenance and publication surfaces are retained.,8466bb66ec39e35eb742053834fe4ffb75b9374b7355cac3c75d826b47fd7036,,,,2026-08-17T17:00:00+00:00,audit/dataflow-integrity,derive|web-calculator|web-catalog|web-sources|package
grid_intensity.csv,CA-QC|2024,SRC.CER.QC.2024,verified,Canonical record reviewed against its registered source and verified retrieval ledger; declared provenance and publication surfaces are retained.,4a376eb7e447b8441bd5263fad1c7dddd6816381a472494a41458d7dc3666720,,,,2026-08-17T17:00:00+00:00,audit/dataflow-integrity,derive|web-calculator|web-catalog|web-sources|package
grid_intensity.csv,CA-QC|2025,SRC.ECCC.NIR.2025,verified,Canonical record reviewed against its registered source and verified retrieval ledger; declared provenance and publication surfaces are retained.,8466bb66ec39e35eb742053834fe4ffb75b9374b7355cac3c75d826b47fd7036,,,,2026-08-17T17:00:00+00:00,audit/dataflow-integrity,derive|web-calculator|web-catalog|web-sources|package
grid_intensity.csv,CA|2024,SRC.CER.2024,verified,Canonical record reviewed against its registered source and verified retrieval ledger; declared provenance and publication surfaces are retained.,7dd4c70fcb8dda57e5346e72fdea607314a7eb4d31802c141e34cd7d60b6ceb4,,,,2026-08-17T17:00:00+00:00,audit/dataflow-integrity,derive|web-calculator|web-catalog|web-sources|package
operations.csv,OP.AB.TAILINGS.DEGASS.2023,SRC.INTL.MINING.2022,verified,Canonical record reviewed against its registered source and verified retrieval ledger; declared provenance and publication surfaces are retained.,1f60d54d321ee7a8a6b38235a939111e73de5a1564e5e1d20d702c0c0db3ff3a,,,,2026-08-17T17:00:00+00:00,audit/dataflow-integrity,derive|web-catalog|package
operations.csv,OP.AB.TAILINGS.POND.2023,SRC.INTL.MINING.2022,verified,Canonical record reviewed against its registered source and verified retrieval ledger; declared provenance and publication surfaces are retained.,1f60d54d321ee7a8a6b38235a939111e73de5a1564e5e1d20d702c0c0db3ff3a,,,,2026-08-17T17:00:00+00:00,audit/dataflow-integrity,derive|web-catalog|package
operations.csv,OP.AIRCANADA.LONGHAUL2025,SRC.IEA.AVIATION.2023,verified,Canonical record reviewed against its registered source and verified retrieval ledger; declared provenance and publication surfaces are retained.,faa891e8a6987ec6a6825a282bf6cd565d27f8fbbc69f9165fd34b6e6cc072db,,,,2026-08-17T17:00:00+00:00,audit/dataflow-integrity,derive|web-catalog|package
operations.csv,OP.AIRCANADA.PRIVATE2025,SRC.IEA.AVIATION.2023,verified,Canonical record reviewed against its registered source and verified retrieval ledger; declared provenance and publication surfaces are retained.,faa891e8a6987ec6a6825a282bf6cd565d27f8fbbc69f9165fd34b6e6cc072db,,,,2026-08-17T17:00:00+00:00,audit/dataflow-integrity,derive|web-catalog|package
operations.csv,OP.AIRCANADA.SHORTHAUL2025,SRC.IEA.AVIATION.2023,verified,Canonical record reviewed against its registered source and verified retrieval ledger; declared provenance and publication surfaces are retained.,faa891e8a6987ec6a6825a282bf6cd565d27f8fbbc69f9165fd34b6e6cc072db,,,,2026-08-17T17:00:00+00:00,audit/dataflow-integrity,derive|web-catalog|package
operations.csv,OP.AMAZON.CA.URBAN_PARCEL.2024,SRC.NRCAN.FREIGHT.2024,verified,Canonical record reviewed against its registered source and verified retrieval ledger; declared provenance and publication surfaces are retained.,5b3f2c37dad949db72123dfcb4d6055177b58e938abefca59e7640918679eda7,,,,2026-08-17T17:00:00+00:00,audit/dataflow-integrity,derive|web-catalog|package
operations.csv,OP.ARCELORMITTAL.STEEL2024,SRC.WORLDSTEEL.2023,verified,Canonical record reviewed against its registered source and verified retrieval ledger; declared provenance and publication surfaces are retained.,21b843892784b91d4bd3f7e3f0f23cb092f31fabe10319e5029672a4ee9a9e3a,,,,2026-08-17T17:00:00+00:00,audit/dataflow-integrity,derive|web-catalog|package
operations.csv,OP.BYTEDANCE.TIKTOK.VIEW_HOUR.2024,SRC.DIMPACT.STREAMING.2022,verified,Canonical record reviewed against its registered source and verified retrieval ledger; declared provenance and publication surfaces are retained.,eecc9b96eaa32eb1d932a6435cd530fcbf8329c02529995b19c4f241bf939b7b,,,,2026-08-17T17:00:00+00:00,audit/dataflow-integrity,derive|web-catalog|package
operations.csv,OP.BYTEDANCE.TIKTOK.VIEW_HOUR.2024,SRC.HINTEMANN.2022,verified,Canonical record reviewed against its registered source and verified retrieval ledger; declared provenance and publication surfaces are retained.,b65c47ed8da5f570ffed9bcc96c9017c65dfdcb6c9932cea247f5390bf3416b2,,,,2026-08-17T17:00:00+00:00,audit/dataflow-integrity,derive|web-catalog|package
operations.csv,OP.BYTEDANCE.TIKTOK.VIEW_HOUR.2024,SRC.IEA.DIGITAL.NETWORKS.2023,verified,Canonical record reviewed against its registered source and verified retrieval ledger; declared provenance and publication surfaces are retained.,1de58a6f97e2f4e470badf63292758b80d59acfe2efdbdfddb9b52c4b101a1d4,,,,2026-08-17T17:00:00+00:00,audit/dataflow-integrity,derive|web-catalog|package
operations.csv,OP.CARGILL.BEEF.CARCASS.2024,SRC.POORE2018,verified,Canonical record reviewed against its registered source and verified retrieval ledger; declared provenance and publication surfaces are retained.,998b037a86d42a35e2f95a7731c0ed30cd1ff5564b4f87b346ac587bb1036a36,,,,2026-08-17T17:00:00+00:00,audit/dataflow-integrity,derive|web-catalog|package
operations.csv,OP.CARRIER.HVAC2025,SRC.IEA.NRCAN.BUILDINGS.2024,verified,Canonical record reviewed against its registered source and verified retrieval ledger; declared provenance and publication surfaces are retained.,20dd660eed35fa329e076ba1a4a306e2e01916fe2d42495de74839c5245ab90c,,,,2026-08-17T17:00:00+00:00,audit/dataflow-integrity,derive|web-catalog|package
operations.csv,OP.CNRAIL.CA.TRUCK_TONNEKM.2024,SRC.IMO.ICCT.SHIPPING.2023,verified,Canonical record reviewed against its registered source and verified retrieval ledger; declared provenance and publication surfaces are retained.,69aa19fa18a70ff6d5e507ab3322e89b8ae52c26d3f24dd4a5cca6de5c718e54,,,,2026-08-17T17:00:00+00:00,audit/dataflow-integrity,derive|web-catalog|package
operations.csv,OP.DAIKIN.HVAC.OP2025,SRC.IEA.NRCAN.BUILDINGS.2024,verified,Canonical record reviewed against its registered source and verified retrieval ledger; declared provenance and publication surfaces are retained.,20dd660eed35fa329e076ba1a4a306e2e01916fe2d42495de74839c5245ab90c,,,,2026-08-17T17:00:00+00:00,audit/dataflow-integrity,derive|web-catalog|package
operations.csv,OP.ECCC.PERMAFROST.2023,SRC.ECCC.PERMAFROST.2023,verified,Canonical record reviewed against its registered source and verified retrieval ledger; declared provenance and publication surfaces are retained.,6f409f79ce578d6b0aa0b96017fae6b4fa6f99b74cc07534cdbfb62799000d49,,,,2026-08-17T17:00:00+00:00,audit/dataflow-integrity,derive|web-catalog|package
operations.csv,OP.ENBRIDGE.NATGAS2024,SRC.GHG.PROTOCOL.2015,verified,Canonical record reviewed against its registered source and verified retrieval ledger; declared provenance and publication surfaces are retained.,266854135e42f48d14b8f99c6784905f2aaaeba11fb384f65c58b676c55f69f0,,,,2026-08-17T17:00:00+00:00,audit/dataflow-integrity,derive|web-catalog|package
operations.csv,OP.FEDEX.CA.AIR_TONNEKM.2024,SRC.IMO.ICCT.SHIPPING.2023,verified,Canonical record reviewed against its registered source and verified retrieval ledger; declared provenance and publication surfaces are retained.,69aa19fa18a70ff6d5e507ab3322e89b8ae52c26d3f24dd4a5cca6de5c718e54,,,,2026-08-17T17:00:00+00:00,audit/dataflow-integrity,derive|web-catalog|package
operations.csv,OP.GOOGLE.YOUTUBE.VIEW_HOUR.2024,SRC.DIMPACT.STREAMING.2022,verified,Canonical record reviewed against its registered source and verified retrieval ledger; declared provenance and publication surfaces are retained.,eecc9b96eaa32eb1d932a6435cd530fcbf8329c02529995b19c4f241bf939b7b,,,,2026-08-17T17:00:00+00:00,audit/dataflow-integrity,derive|web-catalog|package
operations.csv,OP.GOOGLE.YOUTUBE.VIEW_HOUR.2024,SRC.HINTEMANN.2022,verified,Canonical record reviewed against its registered source and verified retrieval ledger; declared provenance and publication surfaces are retained.,b65c47ed8da5f570ffed9bcc96c9017c65dfdcb6c9932cea247f5390bf3416b2,,,,2026-08-17T17:00:00+00:00,audit/dataflow-integrity,derive|web-catalog|package
operations.csv,OP.GOOGLE.YOUTUBE.VIEW_HOUR.2024,SRC.IEA.DIGITAL.NETWORKS.2023,verified,Canonical record reviewed against its registered source and verified retrieval ledger; declared provenance and publication surfaces are retained.,1de58a6f97e2f4e470badf63292758b80d59acfe2efdbdfddb9b52c4b101a1d4,,,,2026-08-17T17:00:00+00:00,audit/dataflow-integrity,derive|web-catalog|package
operations.csv,OP.HYDROONE.KWH2024,SRC.GHG.PROTOCOL.2015,verified,Canonical record reviewed against its registered source and verified retrieval ledger; declared provenance and publication surfaces are retained.,266854135e42f48d14b8f99c6784905f2aaaeba11fb384f65c58b676c55f69f0,,,,2026-08-17T17:00:00+00:00,audit/dataflow-integrity,derive|web-catalog|package
operations.csv,OP.INTL.AMD.2023,SRC.INTL.MINING.2022,verified,Canonical record reviewed against its registered source and verified retrieval ledger; declared provenance and publication surfaces are retained.,1f60d54d321ee7a8a6b38235a939111e73de5a1564e5e1d20d702c0c0db3ff3a,,,,2026-08-17T17:00:00+00:00,audit/dataflow-integrity,derive|web-catalog|package
operations.csv,OP.LAFARGE.CLINKER2024,SRC.GNR.2023,verified,Canonical record reviewed against its registered source and verified retrieval ledger; declared provenance and publication surfaces are retained.,38a0d563297fce8c0f0c100ae6051c7d4e591c7367e3f3367dbbb811e6ca463d,,,,2026-08-17T17:00:00+00:00,audit/dataflow-integrity,derive|web-catalog|package
operations.csv,OP.LG.FRIDGE.OP2025,SRC.IEA.NRCAN.BUILDINGS.2024,verified,Canonical record reviewed against its registered source and verified retrieval ledger; declared provenance and publication surfaces are retained.,20dd660eed35fa329e076ba1a4a306e2e01916fe2d42495de74839c5245ab90c,,,,2026-08-17T17:00:00+00:00,audit/dataflow-integrity,derive|web-catalog|package
operations.csv,OP.MAPLELEAF.POULTRY.2024,SRC.POORE2018,verified,Canonical record reviewed against its registered source and verified retrieval ledger; declared provenance and publication surfaces are retained.,998b037a86d42a35e2f95a7731c0ed30cd1ff5564b4f87b346ac587bb1036a36,,,,2026-08-17T17:00:00+00:00,audit/dataflow-integrity,derive|web-catalog|package
operations.csv,OP.META.INSTAGRAM.VIEW_HOUR.2024,SRC.DIMPACT.STREAMING.2022,verified,Canonical record reviewed against its registered source and verified retrieval ledger; declared provenance and publication surfaces are retained.,eecc9b96eaa32eb1d932a6435cd530fcbf8329c02529995b19c4f241bf939b7b,,,,2026-08-17T17:00:00+00:00,audit/dataflow-integrity,derive|web-catalog|package
operations.csv,OP.META.INSTAGRAM.VIEW_HOUR.2024,SRC.IEA.DIGITAL.NETWORKS.2023,verified,Canonical record reviewed against its registered source and verified retrieval ledger; declared provenance and publication surfaces are retained.,1de58a6f97e2f4e470badf63292758b80d59acfe2efdbdfddb9b52c4b101a1d4,,,,2026-08-17T17:00:00+00:00,audit/dataflow-integrity,derive|web-catalog|package
operations.csv,OP.NASA.CRYO.ALBEDO.2023,SRC.NASA.CRYO.2023,verified,Canonical record reviewed against its registered source and verified retrieval ledger; declared provenance and publication surfaces are retained.,558861f48630fc21e2df6965720da37c71f213886b6f42dd79a6dee4a0fad235,,,,2026-08-17T17:00:00+00:00,audit/dataflow-integrity,derive|web-catalog|package
operations.csv,OP.NESTLE.COFFEE.ROAST.2024,SRC.POORE2018,verified,Canonical record reviewed against its registered source and verified retrieval ledger; declared provenance and publication surfaces are retained.,998b037a86d42a35e2f95a7731c0ed30cd1ff5564b4f87b346ac587bb1036a36,,,,2026-08-17T17:00:00+00:00,audit/dataflow-integrity,derive|web-catalog|package
operations.csv,OP.NOAA.OCEAN.CO2.2023,SRC.NOAA.OCEAN.2023,verified,Canonical record reviewed against its registered source and verified retrieval ledger; declared provenance and publication surfaces are retained.,0856db4fa960ef6b9fd2154ecb5a4407ed4e54b987e9f2686698092e0f32f500,,,,2026-08-17T17:00:00+00:00,audit/dataflow-integrity,derive|web-catalog|package
operations.csv,OP.NOAA.OCEAN.PH.2023,SRC.NOAA.OCEAN.2023,verified,Canonical record reviewed against its registered source and verified retrieval ledger; declared provenance and publication surfaces are retained.,0856db4fa960ef6b9fd2154ecb5a4407ed4e54b987e9f2686698092e0f32f500,,,,2026-08-17T17:00:00+00:00,audit/dataflow-integrity,derive|web-catalog|package
operations.csv,OP.NOVA.PET2024,SRC.PLASTICSEUROPE.2022,verified,Canonical record reviewed against its registered source and verified retrieval ledger; declared provenance and publication surfaces are retained.,80d55f585138d6961d83dcb54f14bc38ac234edb498d95d347312b2daa423f04,,,,2026-08-17T17:00:00+00:00,audit/dataflow-integrity,derive|web-catalog|package
operations.csv,OP.RIVER.HYPOXIA.2023,SRC.RIVER.HYPOXIA.2020,verified,Canonical record reviewed against its registered source and verified retrieval ledger; declared provenance and publication surfaces are retained.,8eca23616c6ec1ae39eb18690ae148f16ea047ef058bfc36a9b2864c90e4b49f,,,,2026-08-17T17:00:00+00:00,audit/dataflow-integrity,derive|web-catalog|package
operations.csv,OP.SHELL.GASOLINE2024,SRC.GHG.PROTOCOL.2015,verified,Canonical record reviewed against its registered source and verified retrieval ledger; declared provenance and publication surfaces are retained.,266854135e42f48d14b8f99c6784905f2aaaeba11fb384f65c58b676c55f69f0,,,,2026-08-17T17:00:00+00:00,audit/dataflow-integrity,derive|web-catalog|package
operations.csv,OP.TORONTO.DYEC.WASTE.2023,SRC.GHG.PROTOCOL.2015,verified,Canonical record reviewed against its registered source and verified retrieval ledger; declared provenance and publication surfaces are retained.,266854135e42f48d14b8f99c6784905f2aaaeba11fb384f65c58b676c55f69f0,,,,2026-08-17T17:00:00+00:00,audit/dataflow-integrity,derive|web-catalog|package
operations.csv,OP.TORONTO.GREENLANE.WASTE.2023,SRC.GHG.PROTOCOL.2015,verified,Canonical record reviewed against its registered source and verified retrieval ledger; declared provenance and publication surfaces are retained.,266854135e42f48d14b8f99c6784905f2aaaeba11fb384f65c58b676c55f69f0,,,,2026-08-17T17:00:00+00:00,audit/dataflow-integrity,derive|web-catalog|package
operations.csv,OP.TORONTO.WATER.SUPPLY.2023,SRC.GHG.PROTOCOL.2015,verified,Canonical record reviewed against its registered source and verified retrieval ledger; declared provenance and publication surfaces are retained.,266854135e42f48d14b8f99c6784905f2aaaeba11fb384f65c58b676c55f69f0,,,,2026-08-17T17:00:00+00:00,audit/dataflow-integrity,derive|web-catalog|package
operations.csv,OP.WALMART.COLDCHAIN2025,SRC.IEA.NRCAN.BUILDINGS.2024,verified,Canonical record reviewed against its registered source and verified retrieval ledger; declared provenance and publication surfaces are retained.,20dd660eed35fa329e076ba1a4a306e2e01916fe2d42495de74839c5245ab90c,,,,2026-08-17T17:00:00+00:00,audit/dataflow-integrity,derive|web-catalog|package
operations.csv,OP.WHIRLPOOL.REFRIGERANT2025,SRC.IEA.NRCAN.BUILDINGS.2024,verified,Canonical record reviewed against its registered source and verified retrieval ledger; declared provenance and publication surfaces are retained.,20dd660eed35fa329e076ba1a4a306e2e01916fe2d42495de74839c5245ab90c,,,,2026-08-17T17:00:00+00:00,audit/dataflow-integrity,derive|web-catalog|package
operations.csv,OP.YOUTUBE.HD.HOUR2025,SRC.DIMPACT.STREAMING.2022,verified,Canonical record reviewed against its registered source and verified retrieval ledger; declared provenance and publication surfaces are retained.,eecc9b96eaa32eb1d932a6435cd530fcbf8329c02529995b19c4f241bf939b7b,,,,2026-08-17T17:00:00+00:00,audit/dataflow-integrity,derive|web-catalog|package
owid/manifest.json,annual-co2-emissions-per-country|CAN,SRC.OWID.CO2.2025,verified,Pinned OWID snapshot metadata and source record match the verified ledger and recorded raw-file digests.,c8858ed1f0ff0c790863f8fc81eb0ff41840f09aa4a86fd225db642e5257ab90,,,,2026-08-17T17:00:00+00:00,audit/dataflow-integrity,owid-context|web-sources|package
profiles.csv,BASE.TO.PROF.HYBRID.2025,SRC.STATCAN.COMMUTE.2021,verified,Canonical record reviewed against its registered source and verified retrieval ledger; declared provenance and publication surfaces are retained.,1864419cd3dbe17e83a7ca5795d552934d05abc929a236539c52725d7fa32cb1,,,,2026-08-17T17:00:00+00:00,audit/dataflow-integrity,derive|web-calculator|web-catalog|package
profiles.csv,DEF.CA.GARRISON.2025,SRC.DND.2024,verified,Canonical record reviewed against its registered source and verified retrieval ledger; declared provenance and publication surfaces are retained.,7217f245c810d265c51a4a53d7eb5ecca0ae733ee3d21b78bd4021fc020f2b05,,,,2026-08-17T17:00:00+00:00,audit/dataflow-integrity,derive|web-calculator|web-catalog|package
profiles.csv,DEF.CA.INFRASTRUCTURE.2025,SRC.DND.2024,verified,Canonical record reviewed against its registered source and verified retrieval ledger; declared provenance and publication surfaces are retained.,7217f245c810d265c51a4a53d7eb5ecca0ae733ee3d21b78bd4021fc020f2b05,,,,2026-08-17T17:00:00+00:00,audit/dataflow-integrity,derive|web-calculator|web-catalog|package
profiles.csv,EARTH.CA.BIOSPHERE.2025,SRC.IPCC.AR6.WG1.2021,verified,Canonical record reviewed against its registered source and verified retrieval ledger; declared provenance and publication surfaces are retained.,58460dcab217429713b53ed08b95286b88979a92fafdc4b4331407f6bce610c1,,,,2026-08-17T17:00:00+00:00,audit/dataflow-integrity,derive|web-calculator|web-catalog|package
profiles.csv,IND.TO.HEAVY.2025,SRC.ECCC.NIR.2025,verified,Canonical record reviewed against its registered source and verified retrieval ledger; declared provenance and publication surfaces are retained.,8466bb66ec39e35eb742053834fe4ffb75b9374b7355cac3c75d826b47fd7036,,,,2026-08-17T17:00:00+00:00,audit/dataflow-integrity,derive|web-calculator|web-catalog|package
profiles.csv,IND_EXT.CA.BASELINE.2025,SRC.INTL.MINING.2022,verified,Canonical record reviewed against its registered source and verified retrieval ledger; declared provenance and publication surfaces are retained.,1f60d54d321ee7a8a6b38235a939111e73de5a1564e5e1d20d702c0c0db3ff3a,,,,2026-08-17T17:00:00+00:00,audit/dataflow-integrity,derive|web-calculator|web-catalog|package
profiles.csv,IND_LIGHT.ON.CONSTRUCTION.2025,SRC.GHG.PROTOCOL.2015,verified,Canonical record reviewed against its registered source and verified retrieval ledger; declared provenance and publication surfaces are retained.,266854135e42f48d14b8f99c6784905f2aaaeba11fb384f65c58b676c55f69f0,,,,2026-08-17T17:00:00+00:00,audit/dataflow-integrity,derive|web-calculator|web-catalog|package
profiles.csv,IND_LIGHT.ON.LOGISTICS.2025,SRC.GHG.PROTOCOL.2015,verified,Canonical record reviewed against its registered source and verified retrieval ledger; declared provenance and publication surfaces are retained.,266854135e42f48d14b8f99c6784905f2aaaeba11fb384f65c58b676c55f69f0,,,,2026-08-17T17:00:00+00:00,audit/dataflow-integrity,derive|web-calculator|web-catalog|package
profiles.csv,MAT.CA.LABS.2025,SRC.GHG.PROTOCOL.2015,verified,Canonical record reviewed against its registered source and verified retrieval ledger; declared provenance and publication surfaces are retained.,266854135e42f48d14b8f99c6784905f2aaaeba11fb384f65c58b676c55f69f0,,,,2026-08-17T17:00:00+00:00,audit/dataflow-integrity,derive|web-calculator|web-catalog|package
profiles.csv,ONLINE.AB.CONSUMER.2025,SRC.DIMPACT.STREAMING.2022,verified,Canonical record reviewed against its registered source and verified retrieval ledger; declared provenance and publication surfaces are retained.,eecc9b96eaa32eb1d932a6435cd530fcbf8329c02529995b19c4f241bf939b7b,,,,2026-08-17T17:00:00+00:00,audit/dataflow-integrity,derive|web-calculator|web-catalog|package
profiles.csv,ONLINE.BC.CONSUMER.2025,SRC.DIMPACT.STREAMING.2022,verified,Canonical record reviewed against its registered source and verified retrieval ledger; declared provenance and publication surfaces are retained.,eecc9b96eaa32eb1d932a6435cd530fcbf8329c02529995b19c4f241bf939b7b,,,,2026-08-17T17:00:00+00:00,audit/dataflow-integrity,derive|web-calculator|web-catalog|package
profiles.csv,ONLINE.QC.CONSUMER.2025,SRC.DIMPACT.STREAMING.2022,verified,Canonical record reviewed against its registered source and verified retrieval ledger; declared provenance and publication surfaces are retained.,eecc9b96eaa32eb1d932a6435cd530fcbf8329c02529995b19c4f241bf939b7b,,,,2026-08-17T17:00:00+00:00,audit/dataflow-integrity,derive|web-calculator|web-catalog|package
profiles.csv,ONLINE.TO.CONSUMER.2025,SRC.DIMPACT.STREAMING.2022,verified,Canonical record reviewed against its registered source and verified retrieval ledger; declared provenance and publication surfaces are retained.,eecc9b96eaa32eb1d932a6435cd530fcbf8329c02529995b19c4f241bf939b7b,,,,2026-08-17T17:00:00+00:00,audit/dataflow-integrity,derive|web-calculator|web-catalog|package
profiles.csv,PRO.AB.24_39.HYBRID.2025,SRC.STATCAN.COMMUTE.2021,verified,Canonical record reviewed against its registered source and verified retrieval ledger; declared provenance and publication surfaces are retained.,1864419cd3dbe17e83a7ca5795d552934d05abc929a236539c52725d7fa32cb1,,,,2026-08-17T17:00:00+00:00,audit/dataflow-integrity,derive|web-calculator|web-catalog|package
profiles.csv,PRO.AB.40_56.HYBRID.2025,SRC.STATCAN.COMMUTE.2021,verified,Canonical record reviewed against its registered source and verified retrieval ledger; declared provenance and publication surfaces are retained.,1864419cd3dbe17e83a7ca5795d552934d05abc929a236539c52725d7fa32cb1,,,,2026-08-17T17:00:00+00:00,audit/dataflow-integrity,derive|web-calculator|web-catalog|package
profiles.csv,PRO.BC.24_39.HYBRID.2025,SRC.STATCAN.COMMUTE.2021,verified,Canonical record reviewed against its registered source and verified retrieval ledger; declared provenance and publication surfaces are retained.,1864419cd3dbe17e83a7ca5795d552934d05abc929a236539c52725d7fa32cb1,,,,2026-08-17T17:00:00+00:00,audit/dataflow-integrity,derive|web-calculator|web-catalog|package
profiles.csv,PRO.BC.40_56.HYBRID.2025,SRC.STATCAN.COMMUTE.2021,verified,Canonical record reviewed against its registered source and verified retrieval ledger; declared provenance and publication surfaces are retained.,1864419cd3dbe17e83a7ca5795d552934d05abc929a236539c52725d7fa32cb1,,,,2026-08-17T17:00:00+00:00,audit/dataflow-integrity,derive|web-calculator|web-catalog|package
profiles.csv,PRO.QC.24_39.HYBRID.2025,SRC.STATCAN.COMMUTE.2021,verified,Canonical record reviewed against its registered source and verified retrieval ledger; declared provenance and publication surfaces are retained.,1864419cd3dbe17e83a7ca5795d552934d05abc929a236539c52725d7fa32cb1,,,,2026-08-17T17:00:00+00:00,audit/dataflow-integrity,derive|web-calculator|web-catalog|package
profiles.csv,PRO.QC.40_56.HYBRID.2025,SRC.STATCAN.COMMUTE.2021,verified,Canonical record reviewed against its registered source and verified retrieval ledger; declared provenance and publication surfaces are retained.,1864419cd3dbe17e83a7ca5795d552934d05abc929a236539c52725d7fa32cb1,,,,2026-08-17T17:00:00+00:00,audit/dataflow-integrity,derive|web-calculator|web-catalog|package
profiles.csv,PRO.TO.24_39.HYBRID.2025,SRC.STATCAN.COMMUTE.2021,verified,Canonical record reviewed against its registered source and verified retrieval ledger; declared provenance and publication surfaces are retained.,1864419cd3dbe17e83a7ca5795d552934d05abc929a236539c52725d7fa32cb1,,,,2026-08-17T17:00:00+00:00,audit/dataflow-integrity,derive|web-calculator|web-catalog|package
profiles.csv,PRO.TO.40_56.HYBRID.2025,SRC.STATCAN.COMMUTE.2021,verified,Canonical record reviewed against its registered source and verified retrieval ledger; declared provenance and publication surfaces are retained.,1864419cd3dbe17e83a7ca5795d552934d05abc929a236539c52725d7fa32cb1,,,,2026-08-17T17:00:00+00:00,audit/dataflow-integrity,derive|web-calculator|web-catalog|package
profiles.csv,PROFILE.ADULT.CLOTHING.2025,SRC.QUANTIS2018,verified,Canonical record reviewed against its registered source and verified retrieval ledger; declared provenance and publication surfaces are retained.,fc4b1665e19fc5c41a84b2952f531f7de0632cc5c849018c9d1b8453a7644c47,,,,2026-08-17T17:00:00+00:00,audit/dataflow-integrity,derive|web-calculator|web-catalog|package
profiles.csv,PROFILE.CHILD.CLOTHING.2025,SRC.QUANTIS2018,verified,Canonical record reviewed against its registered source and verified retrieval ledger; declared provenance and publication surfaces are retained.,fc4b1665e19fc5c41a84b2952f531f7de0632cc5c849018c9d1b8453a7644c47,,,,2026-08-17T17:00:00+00:00,audit/dataflow-integrity,derive|web-calculator|web-catalog|package
profiles.csv,PROFILE.ELITE.SECURITY.2025,SRC.PRIVSEC.2024,verified,Canonical record reviewed against its registered source and verified retrieval ledger; declared provenance and publication surfaces are retained.,2ef70a939c2160f83fc1a7b8c6ec806ad71a71194a2e27fdcb073bd962631c0e,,,,2026-08-17T17:00:00+00:00,audit/dataflow-integrity,derive|web-calculator|web-catalog|package
profiles.csv,PROFILE.SENIOR.CLOTHING.2025,SRC.QUANTIS2018,verified,Canonical record reviewed against its registered source and verified retrieval ledger; declared provenance and publication surfaces are retained.,fc4b1665e19fc5c41a84b2952f531f7de0632cc5c849018c9d1b8453a7644c47,,,,2026-08-17T17:00:00+00:00,audit/dataflow-integrity,derive|web-calculator|web-catalog|package
profiles.csv,PROFILE.WAR.UKRAINE.2022,SRC.SIPRI.2024,verified,Canonical record reviewed against its registered source and verified retrieval ledger; declared provenance and publication surfaces are retained.,778008d6dbf7a7503a3140d36a645cd525407f3ae0b8f7c18e4402f4750dc319,,,,2026-08-17T17:00:00+00:00,audit/dataflow-integrity,derive|web-calculator|web-catalog|package
sources.csv,SRC.AB.TAILINGS.2023,SRC.AB.TAILINGS.2023,verified,"Canonical registry record matches the verified retrieval ledger; citation, URL, rights, vintage, and annual review date are recorded.",8d44ed30058d9c503f4475146bcbf9f024c551e046d3d999bfcd71ebe3a39dbf,,,,2026-08-17T17:00:00+00:00,audit/dataflow-integrity,web-sources|web-calculator|web-catalog|package
sources.csv,SRC.ALTMAN.2025,SRC.ALTMAN.2025,verified,"Canonical registry record matches the verified retrieval ledger; citation, URL, rights, vintage, and annual review date are recorded.",4be0214c18a4aad3635c0516038f6df6750cde77bf4477abc7eefe2e50024b5f,,,,2026-08-17T17:00:00+00:00,audit/dataflow-integrity,web-sources|web-calculator|web-catalog|package
sources.csv,SRC.ANTHROPIC.CLAUDE.2024,SRC.ANTHROPIC.CLAUDE.2024,verified,"Canonical registry record matches the verified retrieval ledger; citation, URL, rights, vintage, and annual review date are recorded.",b672d5e7fd7edcbdc08bc84a910c8033c226248c8f2fb9eb3f2fc5874a27840b,,,,2026-08-17T17:00:00+00:00,audit/dataflow-integrity,web-sources|web-calculator|web-catalog|package
sources.csv,SRC.APPLE.MALMODIN.2024,SRC.APPLE.MALMODIN.2024,verified,"Canonical registry record matches the verified retrieval ledger; citation, URL, rights, vintage, and annual review date are recorded.",87e86dbe8545c2006ad4e9af3e7e01b0ff713d4535171f924e06c32cc1bda5ba,,,,2026-08-17T17:00:00+00:00,audit/dataflow-integrity,web-sources|web-calculator|web-catalog|package
sources.csv,SRC.AR.CARBON.2024,SRC.AR.CARBON.2024,verified,"Canonical registry record matches the verified retrieval ledger; citation, URL, rights, vintage, and annual review date are recorded.",fb03c3151646d814d32d27bb841f0f184864942130c45fd22863a3736bd0fd8a,,,,2026-08-17T17:00:00+00:00,audit/dataflow-integrity,web-sources|web-calculator|web-catalog|package
sources.csv,SRC.AU.GCP.2024,SRC.AU.GCP.2024,verified,"Canonical registry record matches the verified retrieval ledger; citation, URL, rights, vintage, and annual review date are recorded.",c05bf1026f515dddc4b5658b50a76bc556d5d89aa291178e3c33025404699cfe,,,,2026-08-17T17:00:00+00:00,audit/dataflow-integrity,web-sources|web-calculator|web-catalog|package
sources.csv,SRC.BC.CARBON.2024,SRC.BC.CARBON.2024,verified,"Canonical registry record matches the verified retrieval ledger; citation, URL, rights, vintage, and annual review date are recorded.",9833bfdb3666c0001d575a0c1a72f9b21cc6ca16c2a9cf92b87e0da3e4ca0376,,,,2026-08-17T17:00:00+00:00,audit/dataflow-integrity,web-sources|web-calculator|web-catalog|package
sources.csv,SRC.BR.GCP.2024,SRC.BR.GCP.2024,verified,"Canonical registry record matches the verified retrieval ledger; citation, URL, rights, vintage, and annual review date are recorded.",c05bf1026f515dddc4b5658b50a76bc556d5d89aa291178e3c33025404699cfe,,,,2026-08-17T17:00:00+00:00,audit/dataflow-integrity,web-sources|web-calculator|web-catalog|package
sources.csv,SRC.CA.CAPANDTRADE.2024,SRC.CA.CAPANDTRADE.2024,verified,"Canonical registry record matches the verified retrieval ledger; citation, URL, rights, vintage, and annual review date are recorded.",5a0dcd331f2e5c0b8e80738dd4715b4f5d8848536bb6aa17d8a41a1e8e740f30,,,,2026-08-17T17:00:00+00:00,audit/dataflow-integrity,web-sources|web-calculator|web-catalog|package
sources.csv,SRC.CEOBS.2023,SRC.CEOBS.2023,verified,"Canonical registry record matches the verified retrieval ledger; citation, URL, rights, vintage, and annual review date are recorded.",de015ecea879850361e052348f0445530478caf805033c24038c8f54068ec9d5,,,,2026-08-17T17:00:00+00:00,audit/dataflow-integrity,web-sources|web-calculator|web-catalog|package
sources.csv,SRC.CER.2024,SRC.CER.2024,verified,"Canonical registry record matches the verified retrieval ledger; citation, URL, rights, vintage, and annual review date are recorded.",7dd4c70fcb8dda57e5346e72fdea607314a7eb4d31802c141e34cd7d60b6ceb4,,,,2026-08-17T17:00:00+00:00,audit/dataflow-integrity,web-sources|web-calculator|web-catalog|package
sources.csv,SRC.CER.AB.2024,SRC.CER.AB.2024,verified,"Canonical registry record matches the verified retrieval ledger; citation, URL, rights, vintage, and annual review date are recorded.",4a376eb7e447b8441bd5263fad1c7dddd6816381a472494a41458d7dc3666720,,,,2026-08-17T17:00:00+00:00,audit/dataflow-integrity,web-sources|web-calculator|web-catalog|package
sources.csv,SRC.CER.BC.2024,SRC.CER.BC.2024,verified,"Canonical registry record matches the verified retrieval ledger; citation, URL, rights, vintage, and annual review date are recorded.",4a376eb7e447b8441bd5263fad1c7dddd6816381a472494a41458d7dc3666720,,,,2026-08-17T17:00:00+00:00,audit/dataflow-integrity,web-sources|web-calculator|web-catalog|package
sources.csv,SRC.CER.QC.2024,SRC.CER.QC.2024,verified,"Canonical registry record matches the verified retrieval ledger; citation, URL, rights, vintage, and annual review date are recorded.",4a376eb7e447b8441bd5263fad1c7dddd6816381a472494a41458d7dc3666720,,,,2026-08-17T17:00:00+00:00,audit/dataflow-integrity,web-sources|web-calculator|web-catalog|package
sources.csv,SRC.CH.CARBON.2024,SRC.CH.CARBON.2024,verified,"Canonical registry record matches the verified retrieval ledger; citation, URL, rights, vintage, and annual review date are recorded.",9833bfdb3666c0001d575a0c1a72f9b21cc6ca16c2a9cf92b87e0da3e4ca0376,,,,2026-08-17T17:00:00+00:00,audit/dataflow-integrity,web-sources|web-calculator|web-catalog|package
sources.csv,SRC.CL.CARBON.2024,SRC.CL.CARBON.2024,verified,"Canonical registry record matches the verified retrieval ledger; citation, URL, rights, vintage, and annual review date are recorded.",9833bfdb3666c0001d575a0c1a72f9b21cc6ca16c2a9cf92b87e0da3e4ca0376,,,,2026-08-17T17:00:00+00:00,audit/dataflow-integrity,web-sources|web-calculator|web-catalog|package
sources.csv,SRC.CN.ETS.2024,SRC.CN.ETS.2024,verified,"Canonical registry record matches the verified retrieval ledger; citation, URL, rights, vintage, and annual review date are recorded.",9833bfdb3666c0001d575a0c1a72f9b21cc6ca16c2a9cf92b87e0da3e4ca0376,,,,2026-08-17T17:00:00+00:00,audit/dataflow-integrity,web-sources|web-calculator|web-catalog|package
sources.csv,SRC.CN.GCP.2024,SRC.CN.GCP.2024,verified,"Canonical registry record matches the verified retrieval ledger; citation, URL, rights, vintage, and annual review date are recorded.",c05bf1026f515dddc4b5658b50a76bc556d5d89aa291178e3c33025404699cfe,,,,2026-08-17T17:00:00+00:00,audit/dataflow-integrity,web-sources|web-calculator|web-catalog|package
sources.csv,SRC.CO.CARBON.2024,SRC.CO.CARBON.2024,verified,"Canonical registry record matches the verified retrieval ledger; citation, URL, rights, vintage, and annual review date are recorded.",fb03c3151646d814d32d27bb841f0f184864942130c45fd22863a3736bd0fd8a,,,,2026-08-17T17:00:00+00:00,audit/dataflow-integrity,web-sources|web-calculator|web-catalog|package
sources.csv,SRC.CUTA.TTC.2017,SRC.CUTA.TTC.2017,verified,"Canonical registry record matches the verified retrieval ledger; citation, URL, rights, vintage, and annual review date are recorded.",335fb2df1ed80f6725e8282385e5a4ae9fb7d64cdfcbabd4bdd3332116add303,,,,2026-08-17T17:00:00+00:00,audit/dataflow-integrity,web-sources|web-calculator|web-catalog|package
sources.csv,SRC.DE.GCP.2024,SRC.DE.GCP.2024,verified,"Canonical registry record matches the verified retrieval ledger; citation, URL, rights, vintage, and annual review date are recorded.",c05bf1026f515dddc4b5658b50a76bc556d5d89aa291178e3c33025404699cfe,,,,2026-08-17T17:00:00+00:00,audit/dataflow-integrity,web-sources|web-calculator|web-catalog|package
sources.csv,SRC.DEFRA.AVIATION.2024,SRC.DEFRA.AVIATION.2024,verified,"Canonical registry record matches the verified retrieval ledger; citation, URL, rights, vintage, and annual review date are recorded.",b191a3a3e68d8dc98b522979451c749caeaed0d892dc4ced65f3f7eed8ccfc53,,,,2026-08-17T17:00:00+00:00,audit/dataflow-integrity,web-sources|web-calculator|web-catalog|package
sources.csv,SRC.DELAVANDE.PROPRIETARY.2026,SRC.DELAVANDE.PROPRIETARY.2026,verified,"Canonical registry record matches the verified retrieval ledger; citation, URL, rights, vintage, and annual review date are recorded.",fd4eb47c3ca9b632b048eaa9623519577e1faff91ae91a9a1caa0aa55802de43,,,,2026-08-17T17:00:00+00:00,audit/dataflow-integrity,web-sources|web-calculator|web-catalog|package
sources.csv,SRC.DELAVANDE.VIDEO.2025,SRC.DELAVANDE.VIDEO.2025,verified,"Canonical registry record matches the verified retrieval ledger; citation, URL, rights, vintage, and annual review date are recorded.",c4471ffc72dc785416f67eebdc0a294329bed6d51305af6336c9c2e9a6b9338e,,,,2026-08-17T17:00:00+00:00,audit/dataflow-integrity,web-sources|web-calculator|web-catalog|package
sources.csv,SRC.DIMPACT.2021,SRC.DIMPACT.2021,verified,"Canonical registry record matches the verified retrieval ledger; citation, URL, rights, vintage, and annual review date are recorded.",de3a635e224f8f4a64d4750f3e6f7efb825faad7574fcc99f6901578bffc20b1,,,,2026-08-17T17:00:00+00:00,audit/dataflow-integrity,web-sources|web-calculator|web-catalog|package
sources.csv,SRC.DIMPACT.STREAMING.2022,SRC.DIMPACT.STREAMING.2022,verified,"Canonical registry record matches the verified retrieval ledger; citation, URL, rights, vintage, and annual review date are recorded.",eecc9b96eaa32eb1d932a6435cd530fcbf8329c02529995b19c4f241bf939b7b,,,,2026-08-17T17:00:00+00:00,audit/dataflow-integrity,web-sources|web-calculator|web-catalog|package
sources.csv,SRC.DND.2024,SRC.DND.2024,verified,"Canonical registry record matches the verified retrieval ledger; citation, URL, rights, vintage, and annual review date are recorded.",7217f245c810d265c51a4a53d7eb5ecca0ae733ee3d21b78bd4021fc020f2b05,,,,2026-08-17T17:00:00+00:00,audit/dataflow-integrity,web-sources|web-calculator|web-catalog|package
sources.csv,SRC.ECCC.NIR.2025,SRC.ECCC.NIR.2025,verified,"Canonical registry record matches the verified retrieval ledger; citation, URL, rights, vintage, and annual review date are recorded.",8466bb66ec39e35eb742053834fe4ffb75b9374b7355cac3c75d826b47fd7036,,,,2026-08-17T17:00:00+00:00,audit/dataflow-integrity,web-sources|web-calculator|web-catalog|package
sources.csv,SRC.ECCC.PERMAFROST.2023,SRC.ECCC.PERMAFROST.2023,verified,"Canonical registry record matches the verified retrieval ledger; citation, URL, rights, vintage, and annual review date are recorded.",6f409f79ce578d6b0aa0b96017fae6b4fa6f99b74cc07534cdbfb62799000d49,,,,2026-08-17T17:00:00+00:00,audit/dataflow-integrity,web-sources|web-calculator|web-catalog|package
sources.csv,SRC.EEA.2024,SRC.EEA.2024,verified,"Canonical registry record matches the verified retrieval ledger; citation, URL, rights, vintage, and annual review date are recorded.",984a9a55a26fb0e58f3bdbcc884718f2642d0483849545dc834d1fa03b2098bd,,,,2026-08-17T17:00:00+00:00,audit/dataflow-integrity,web-sources|web-calculator|web-catalog|package
sources.csv,SRC.ELSWORTH.GOOGLE.2025,SRC.ELSWORTH.GOOGLE.2025,verified,"Canonical registry record matches the verified retrieval ledger; citation, URL, rights, vintage, and annual review date are recorded.",f15824434904fab0c041bdd21c3db4c40076d58cfda2efa3518c8e28ba9d9281,,,,2026-08-17T17:00:00+00:00,audit/dataflow-integrity,web-sources|web-calculator|web-catalog|package
sources.csv,SRC.EPA.GHG.2024,SRC.EPA.GHG.2024,verified,"Canonical registry record matches the verified retrieval ledger; citation, URL, rights, vintage, and annual review date are recorded.",02bac7c896df164bad4c2f292f25cd4355ff17a6c1477fb698022bdb58ac46a8,,,,2026-08-17T17:00:00+00:00,audit/dataflow-integrity,web-sources|web-calculator|web-catalog|package
sources.csv,SRC.EPA.MOVES.HDV.2021,SRC.EPA.MOVES.HDV.2021,verified,"Canonical registry record matches the verified retrieval ledger; citation, URL, rights, vintage, and annual review date are recorded.",36daa9df6b2e9b7afd36d9a6b5388dc3022aa68d393e3a734a0afaee602ff62d,,,,2026-08-17T17:00:00+00:00,audit/dataflow-integrity,web-sources|web-calculator|web-catalog|package
sources.csv,SRC.EPA.SMARTWAY.2023,SRC.EPA.SMARTWAY.2023,verified,"Canonical registry record matches the verified retrieval ledger; citation, URL, rights, vintage, and annual review date are recorded.",ca16cac2e2d8c6fee6a57964f522cf69f089b38568371e4d719d3b8613505102,,,,2026-08-17T17:00:00+00:00,audit/dataflow-integrity,web-sources|web-calculator|web-catalog|package
sources.csv,SRC.EPA.WARM15.2023,SRC.EPA.WARM15.2023,verified,"Canonical registry record matches the verified retrieval ledger; citation, URL, rights, vintage, and annual review date are recorded.",edb96301452fc631dcf64636da966de1592ef8d65d52a54eef9d460353cf3f7b,,,,2026-08-17T17:00:00+00:00,audit/dataflow-integrity,web-sources|web-calculator|web-catalog|package
sources.csv,SRC.FAO.IEA.COLDCHAIN.2024,SRC.FAO.IEA.COLDCHAIN.2024,verified,"Canonical registry record matches the verified retrieval ledger; citation, URL, rights, vintage, and annual review date are recorded.",7b16a7fbb815713848722e42fcb9f4c423020c5e5906fbab786d24eb55f712ef,,,,2026-08-17T17:00:00+00:00,audit/dataflow-integrity,web-sources|web-calculator|web-catalog|package
sources.csv,SRC.FR.GCP.2024,SRC.FR.GCP.2024,verified,"Canonical registry record matches the verified retrieval ledger; citation, URL, rights, vintage, and annual review date are recorded.",c05bf1026f515dddc4b5658b50a76bc556d5d89aa291178e3c33025404699cfe,,,,2026-08-17T17:00:00+00:00,audit/dataflow-integrity,web-sources|web-calculator|web-catalog|package
sources.csv,SRC.G20.2024,SRC.G20.2024,verified,"Canonical registry record matches the verified retrieval ledger; citation, URL, rights, vintage, and annual review date are recorded.",e58c6bcbe067cb12491c2806a9f03cd9877c93ba764bd10762d8b2aaf23b08fa,,,,2026-08-17T17:00:00+00:00,audit/dataflow-integrity,web-sources|web-calculator|web-catalog|package
sources.csv,SRC.GB.GCP.2024,SRC.GB.GCP.2024,verified,"Canonical registry record matches the verified retrieval ledger; citation, URL, rights, vintage, and annual review date are recorded.",c05bf1026f515dddc4b5658b50a76bc556d5d89aa291178e3c33025404699cfe,,,,2026-08-17T17:00:00+00:00,audit/dataflow-integrity,web-sources|web-calculator|web-catalog|package
sources.csv,SRC.GCP.2024,SRC.GCP.2024,verified,"Canonical registry record matches the verified retrieval ledger; citation, URL, rights, vintage, and annual review date are recorded.",c05bf1026f515dddc4b5658b50a76bc556d5d89aa291178e3c33025404699cfe,,,,2026-08-17T17:00:00+00:00,audit/dataflow-integrity,web-sources|web-calculator|web-catalog|package
sources.csv,SRC.GHG.PROTOCOL.2015,SRC.GHG.PROTOCOL.2015,verified,"Canonical registry record matches the verified retrieval ledger; citation, URL, rights, vintage, and annual review date are recorded.",266854135e42f48d14b8f99c6784905f2aaaeba11fb384f65c58b676c55f69f0,,,,2026-08-17T17:00:00+00:00,audit/dataflow-integrity,web-sources|web-calculator|web-catalog|package
sources.csv,SRC.GNR.2023,SRC.GNR.2023,verified,"Canonical registry record matches the verified retrieval ledger; citation, URL, rights, vintage, and annual review date are recorded.",38a0d563297fce8c0f0c100ae6051c7d4e591c7367e3f3367dbbb811e6ca463d,,,,2026-08-17T17:00:00+00:00,audit/dataflow-integrity,web-sources|web-calculator|web-catalog|package
sources.csv,SRC.HINTEMANN.2022,SRC.HINTEMANN.2022,verified,"Canonical registry record matches the verified retrieval ledger; citation, URL, rights, vintage, and annual review date are recorded.",b65c47ed8da5f570ffed9bcc96c9017c65dfdcb6c9932cea247f5390bf3416b2,,,,2026-08-17T17:00:00+00:00,audit/dataflow-integrity,web-sources|web-calculator|web-catalog|package
sources.csv,SRC.ICAO.CORSIA.2023,SRC.ICAO.CORSIA.2023,verified,"Canonical registry record matches the verified retrieval ledger; citation, URL, rights, vintage, and annual review date are recorded.",bc432bc7a0a7a9d58bbfbfd1551fdbdd6a50a2da38c8ea171c22981ae0a33189,,,,2026-08-17T17:00:00+00:00,audit/dataflow-integrity,web-sources|web-calculator|web-catalog|package
sources.csv,SRC.ICAO.CORSIA.2024,SRC.ICAO.CORSIA.2024,verified,"Canonical registry record matches the verified retrieval ledger; citation, URL, rights, vintage, and annual review date are recorded.",7b40eaddc42cb1d55428771ac6048c46cfce3916ee57f1e6223abaccd147d0f4,,,,2026-08-17T17:00:00+00:00,audit/dataflow-integrity,web-sources|web-calculator|web-catalog|package
sources.csv,SRC.ICAP.2024,SRC.ICAP.2024,verified,"Canonical registry record matches the verified retrieval ledger; citation, URL, rights, vintage, and annual review date are recorded.",9833bfdb3666c0001d575a0c1a72f9b21cc6ca16c2a9cf92b87e0da3e4ca0376,,,,2026-08-17T17:00:00+00:00,audit/dataflow-integrity,web-sources|web-calculator|web-catalog|package
sources.csv,SRC.ID.GCP.2024,SRC.ID.GCP.2024,verified,"Canonical registry record matches the verified retrieval ledger; citation, URL, rights, vintage, and annual review date are recorded.",c05bf1026f515dddc4b5658b50a76bc556d5d89aa291178e3c33025404699cfe,,,,2026-08-17T17:00:00+00:00,audit/dataflow-integrity,web-sources|web-calculator|web-catalog|package
sources.csv,SRC.IEA.AVIATION.2023,SRC.IEA.AVIATION.2023,verified,"Canonical registry record matches the verified retrieval ledger; citation, URL, rights, vintage, and annual review date are recorded.",faa891e8a6987ec6a6825a282bf6cd565d27f8fbbc69f9165fd34b6e6cc072db,,,,2026-08-17T17:00:00+00:00,audit/dataflow-integrity,web-sources|web-calculator|web-catalog|package
sources.csv,SRC.IEA.COOLCOALITION.2024,SRC.IEA.COOLCOALITION.2024,verified,"Canonical registry record matches the verified retrieval ledger; citation, URL, rights, vintage, and annual review date are recorded.",82db3c1fc925b72a4833d233114494f911bbf7d14e7337a29882767f21bc3429,,,,2026-08-17T17:00:00+00:00,audit/dataflow-integrity,web-sources|web-calculator|web-catalog|package
sources.csv,SRC.IEA.COOLING.2024,SRC.IEA.COOLING.2024,verified,"Canonical registry record matches the verified retrieval ledger; citation, URL, rights, vintage, and annual review date are recorded.",4e35cf8a613106ec09581c20c4bbdf33402c7e15a19c3d1f098e9426ac8a5340,,,,2026-08-17T17:00:00+00:00,audit/dataflow-integrity,web-sources|web-calculator|web-catalog|package
sources.csv,SRC.IEA.DIGITAL.NETWORKS.2023,SRC.IEA.DIGITAL.NETWORKS.2023,verified,"Canonical registry record matches the verified retrieval ledger; citation, URL, rights, vintage, and annual review date are recorded.",1de58a6f97e2f4e470badf63292758b80d59acfe2efdbdfddb9b52c4b101a1d4,,,,2026-08-17T17:00:00+00:00,audit/dataflow-integrity,web-sources|web-calculator|web-catalog|package
sources.csv,SRC.IEA.NRCAN.BUILDINGS.2024,SRC.IEA.NRCAN.BUILDINGS.2024,verified,"Canonical registry record matches the verified retrieval ledger; citation, URL, rights, vintage, and annual review date are recorded.",20dd660eed35fa329e076ba1a4a306e2e01916fe2d42495de74839c5245ab90c,,,,2026-08-17T17:00:00+00:00,audit/dataflow-integrity,web-sources|web-calculator|web-catalog|package
sources.csv,SRC.IESO.POWERDATA.2025,SRC.IESO.POWERDATA.2025,verified,"Canonical registry record matches the verified retrieval ledger; citation, URL, rights, vintage, and annual review date are recorded.",d96f3fe7865f9d2fa576cc20cee5160ba3317d79aef36152a039368126ad836c,,,,2026-08-17T17:00:00+00:00,audit/dataflow-integrity,web-sources|web-calculator|web-catalog|package
sources.csv,SRC.IMO.ICCT.SHIPPING.2023,SRC.IMO.ICCT.SHIPPING.2023,verified,"Canonical registry record matches the verified retrieval ledger; citation, URL, rights, vintage, and annual review date are recorded.",69aa19fa18a70ff6d5e507ab3322e89b8ae52c26d3f24dd4a5cca6de5c718e54,,,,2026-08-17T17:00:00+00:00,audit/dataflow-integrity,web-sources|web-calculator|web-catalog|package
sources.csv,SRC.IN.GCP.2024,SRC.IN.GCP.2024,verified,"Canonical registry record matches the verified retrieval ledger; citation, URL, rights, vintage, and annual review date are recorded.",c05bf1026f515dddc4b5658b50a76bc556d5d89aa291178e3c33025404699cfe,,,,2026-08-17T17:00:00+00:00,audit/dataflow-integrity,web-sources|web-calculator|web-catalog|package
sources.csv,SRC.INTL.MINING.2022,SRC.INTL.MINING.2022,verified,"Canonical registry record matches the verified retrieval ledger; citation, URL, rights, vintage, and annual review date are recorded.",1f60d54d321ee7a8a6b38235a939111e73de5a1564e5e1d20d702c0c0db3ff3a,,,,2026-08-17T17:00:00+00:00,audit/dataflow-integrity,web-sources|web-calculator|web-catalog|package
sources.csv,SRC.IPCC.AR6.WG1.2021,SRC.IPCC.AR6.WG1.2021,verified,"Canonical registry record matches the verified retrieval ledger; citation, URL, rights, vintage, and annual review date are recorded.",58460dcab217429713b53ed08b95286b88979a92fafdc4b4331407f6bce610c1,,,,2026-08-17T17:00:00+00:00,audit/dataflow-integrity,web-sources|web-calculator|web-catalog|package
sources.csv,SRC.JEGHAM.2025,SRC.JEGHAM.2025,verified,"Canonical registry record matches the verified retrieval ledger; citation, URL, rights, vintage, and annual review date are recorded.",930ba6464a4d3e8e8bf1fefb68a9a69d14638f08f5c223c11885eeed6e1787df,,,,2026-08-17T17:00:00+00:00,audit/dataflow-integrity,web-sources|web-calculator|web-catalog|package
sources.csv,SRC.JP.GCP.2024,SRC.JP.GCP.2024,verified,"Canonical registry record matches the verified retrieval ledger; citation, URL, rights, vintage, and annual review date are recorded.",c05bf1026f515dddc4b5658b50a76bc556d5d89aa291178e3c33025404699cfe,,,,2026-08-17T17:00:00+00:00,audit/dataflow-integrity,web-sources|web-calculator|web-catalog|package
sources.csv,SRC.JP.SAITAMA.2024,SRC.JP.SAITAMA.2024,verified,"Canonical registry record matches the verified retrieval ledger; citation, URL, rights, vintage, and annual review date are recorded.",f4565e312af5e738e85b91be13fef098c333a77a0271f196bf5221957e7a16da,,,,2026-08-17T17:00:00+00:00,audit/dataflow-integrity,web-sources|web-calculator|web-catalog|package
sources.csv,SRC.JP.TOKYO.2024,SRC.JP.TOKYO.2024,verified,"Canonical registry record matches the verified retrieval ledger; citation, URL, rights, vintage, and annual review date are recorded.",f49b0181f89149d35bbeb06ef22dddafbf874e5173f15a4a6444244779d9c685,,,,2026-08-17T17:00:00+00:00,audit/dataflow-integrity,web-sources|web-calculator|web-catalog|package
sources.csv,SRC.KR.ETS.2024,SRC.KR.ETS.2024,verified,"Canonical registry record matches the verified retrieval ledger; citation, URL, rights, vintage, and annual review date are recorded.",9833bfdb3666c0001d575a0c1a72f9b21cc6ca16c2a9cf92b87e0da3e4ca0376,,,,2026-08-17T17:00:00+00:00,audit/dataflow-integrity,web-sources|web-calculator|web-catalog|package
sources.csv,SRC.KR.GCP.2024,SRC.KR.GCP.2024,verified,"Canonical registry record matches the verified retrieval ledger; citation, URL, rights, vintage, and annual review date are recorded.",c05bf1026f515dddc4b5658b50a76bc556d5d89aa291178e3c33025404699cfe,,,,2026-08-17T17:00:00+00:00,audit/dataflow-integrity,web-sources|web-calculator|web-catalog|package
sources.csv,SRC.LUCCIONI.POWER.2024,SRC.LUCCIONI.POWER.2024,verified,"Canonical registry record matches the verified retrieval ledger; citation, URL, rights, vintage, and annual review date are recorded.",45112d79fb97a4be4456bb54274f8f17648a28d967757bb358f583ead3da292e,,,,2026-08-17T17:00:00+00:00,audit/dataflow-integrity,web-sources|web-calculator|web-catalog|package
sources.csv,SRC.MISTRAL.LCA.2025,SRC.MISTRAL.LCA.2025,verified,"Canonical registry record matches the verified retrieval ledger; citation, URL, rights, vintage, and annual review date are recorded.",4ffe54542bb43a0ae508d01746b8357f83389dbaa50db90c01f3680e470b6ef6,,,,2026-08-17T17:00:00+00:00,audit/dataflow-integrity,web-sources|web-calculator|web-catalog|package
sources.csv,SRC.MX.CARBON.2024,SRC.MX.CARBON.2024,verified,"Canonical registry record matches the verified retrieval ledger; citation, URL, rights, vintage, and annual review date are recorded.",9833bfdb3666c0001d575a0c1a72f9b21cc6ca16c2a9cf92b87e0da3e4ca0376,,,,2026-08-17T17:00:00+00:00,audit/dataflow-integrity,web-sources|web-calculator|web-catalog|package
sources.csv,SRC.MX.GCP.2024,SRC.MX.GCP.2024,verified,"Canonical registry record matches the verified retrieval ledger; citation, URL, rights, vintage, and annual review date are recorded.",c05bf1026f515dddc4b5658b50a76bc556d5d89aa291178e3c33025404699cfe,,,,2026-08-17T17:00:00+00:00,audit/dataflow-integrity,web-sources|web-calculator|web-catalog|package
sources.csv,SRC.NASA.CRYO.2023,SRC.NASA.CRYO.2023,verified,"Canonical registry record matches the verified retrieval ledger; citation, URL, rights, vintage, and annual review date are recorded.",558861f48630fc21e2df6965720da37c71f213886b6f42dd79a6dee4a0fad235,,,,2026-08-17T17:00:00+00:00,audit/dataflow-integrity,web-sources|web-calculator|web-catalog|package
sources.csv,SRC.NATO.2023,SRC.NATO.2023,verified,"Canonical registry record matches the verified retrieval ledger; citation, URL, rights, vintage, and annual review date are recorded.",7ab1b01e6b6e6d827e22cd2b4c6f3dfe1e74a1938a4ba74f7dfcbfc04920596c,,,,2026-08-17T17:00:00+00:00,audit/dataflow-integrity,web-sources|web-calculator|web-catalog|package
sources.csv,SRC.NETFLIX.SR.2023,SRC.NETFLIX.SR.2023,verified,"Canonical registry record matches the verified retrieval ledger; citation, URL, rights, vintage, and annual review date are recorded.",8dc9b9d0a897ea8becdeacbb9e29b13d63ae46cd59bd67d46d44e6cf18ca91ca,,,,2026-08-17T17:00:00+00:00,audit/dataflow-integrity,web-sources|web-calculator|web-catalog|package
sources.csv,SRC.NIINIMAKI2020,SRC.NIINIMAKI2020,verified,"Canonical registry record matches the verified retrieval ledger; citation, URL, rights, vintage, and annual review date are recorded.",dabc7f9eea3cb5ca426eb7f487572bfd6d2bcd254db627b4bb04ec8a60156f1a,,,,2026-08-17T17:00:00+00:00,audit/dataflow-integrity,web-sources|web-calculator|web-catalog|package
sources.csv,SRC.NO.CARBON.2024,SRC.NO.CARBON.2024,verified,"Canonical registry record matches the verified retrieval ledger; citation, URL, rights, vintage, and annual review date are recorded.",9833bfdb3666c0001d575a0c1a72f9b21cc6ca16c2a9cf92b87e0da3e4ca0376,,,,2026-08-17T17:00:00+00:00,audit/dataflow-integrity,web-sources|web-calculator|web-catalog|package
sources.csv,SRC.NOAA.OCEAN.2023,SRC.NOAA.OCEAN.2023,verified,"Canonical registry record matches the verified retrieval ledger; citation, URL, rights, vintage, and annual review date are recorded.",0856db4fa960ef6b9fd2154ecb5a4407ed4e54b987e9f2686698092e0f32f500,,,,2026-08-17T17:00:00+00:00,audit/dataflow-integrity,web-sources|web-calculator|web-catalog|package
sources.csv,SRC.NRCAN.FREIGHT.2024,SRC.NRCAN.FREIGHT.2024,verified,"Canonical registry record matches the verified retrieval ledger; citation, URL, rights, vintage, and annual review date are recorded.",5b3f2c37dad949db72123dfcb4d6055177b58e938abefca59e7640918679eda7,,,,2026-08-17T17:00:00+00:00,audit/dataflow-integrity,web-sources|web-calculator|web-catalog|package
sources.csv,SRC.NRCAN.FUEL_LCA.2024,SRC.NRCAN.FUEL_LCA.2024,verified,"Canonical registry record matches the verified retrieval ledger; citation, URL, rights, vintage, and annual review date are recorded.",72d0b188c20a64d59f64592b7846d819c0d67a869bb11ea35bb48f854c88e973,,,,2026-08-17T17:00:00+00:00,audit/dataflow-integrity,web-sources|web-calculator|web-catalog|package
sources.csv,SRC.NZ.ETS.2024,SRC.NZ.ETS.2024,verified,"Canonical registry record matches the verified retrieval ledger; citation, URL, rights, vintage, and annual review date are recorded.",9833bfdb3666c0001d575a0c1a72f9b21cc6ca16c2a9cf92b87e0da3e4ca0376,,,,2026-08-17T17:00:00+00:00,audit/dataflow-integrity,web-sources|web-calculator|web-catalog|package
sources.csv,SRC.OECD.2024,SRC.OECD.2024,verified,"Canonical registry record matches the verified retrieval ledger; citation, URL, rights, vintage, and annual review date are recorded.",754eeab388e284add7106b59fc843b58a845b5af5ae71e41cd9a3e4b3b5f8df8,,,,2026-08-17T17:00:00+00:00,audit/dataflow-integrity,web-sources|web-calculator|web-catalog|package
sources.csv,SRC.OWID.CO2.2025,SRC.OWID.CO2.2025,verified,"Canonical registry record matches the verified retrieval ledger; citation, URL, rights, vintage, and annual review date are recorded.",c8858ed1f0ff0c790863f8fc81eb0ff41840f09aa4a86fd225db642e5257ab90,,,,2026-08-17T17:00:00+00:00,audit/dataflow-integrity,web-sources|web-calculator|web-catalog|package
sources.csv,SRC.PLASTICSEUROPE.2022,SRC.PLASTICSEUROPE.2022,verified,"Canonical registry record matches the verified retrieval ledger; citation, URL, rights, vintage, and annual review date are recorded.",80d55f585138d6961d83dcb54f14bc38ac234edb498d95d347312b2daa423f04,,,,2026-08-17T17:00:00+00:00,audit/dataflow-integrity,web-sources|web-calculator|web-catalog|package
sources.csv,SRC.POORE2018,SRC.POORE2018,verified,"Canonical registry record matches the verified retrieval ledger; citation, URL, rights, vintage, and annual review date are recorded.",998b037a86d42a35e2f95a7731c0ed30cd1ff5564b4f87b346ac587bb1036a36,,,,2026-08-17T17:00:00+00:00,audit/dataflow-integrity,web-sources|web-calculator|web-catalog|package
sources.csv,SRC.PRIVSEC.2024,SRC.PRIVSEC.2024,verified,"Canonical registry record matches the verified retrieval ledger; citation, URL, rights, vintage, and annual review date are recorded.",2ef70a939c2160f83fc1a7b8c6ec806ad71a71194a2e27fdcb073bd962631c0e,,,,2026-08-17T17:00:00+00:00,audit/dataflow-integrity,web-sources|web-calculator|web-catalog|package
sources.csv,SRC.QC.CAPANDTRADE.2024,SRC.QC.CAPANDTRADE.2024,verified,"Canonical registry record matches the verified retrieval ledger; citation, URL, rights, vintage, and annual review date are recorded.",ebd8e6519f8dd4a53e61240c6809d1f20c11126ea4fdc7382ea6b200092b493d,,,,2026-08-17T17:00:00+00:00,audit/dataflow-integrity,web-sources|web-calculator|web-catalog|package
sources.csv,SRC.QUANTIS2018,SRC.QUANTIS2018,verified,"Canonical registry record matches the verified retrieval ledger; citation, URL, rights, vintage, and annual review date are recorded.",fc4b1665e19fc5c41a84b2952f531f7de0632cc5c849018c9d1b8453a7644c47,,,,2026-08-17T17:00:00+00:00,audit/dataflow-integrity,web-sources|web-calculator|web-catalog|package
sources.csv,SRC.RGGI.2024,SRC.RGGI.2024,verified,"Canonical registry record matches the verified retrieval ledger; citation, URL, rights, vintage, and annual review date are recorded.",2ac3171b28d7632f9d5a07c5e15b5d0909341bc2c05899054cfe6ce02e4dde7a,,,,2026-08-17T17:00:00+00:00,audit/dataflow-integrity,web-sources|web-calculator|web-catalog|package
sources.csv,SRC.RIVER.HYPOXIA.2020,SRC.RIVER.HYPOXIA.2020,verified,"Canonical registry record matches the verified retrieval ledger; citation, URL, rights, vintage, and annual review date are recorded.",8eca23616c6ec1ae39eb18690ae148f16ea047ef058bfc36a9b2864c90e4b49f,,,,2026-08-17T17:00:00+00:00,audit/dataflow-integrity,web-sources|web-calculator|web-catalog|package
sources.csv,SRC.RU.GCP.2024,SRC.RU.GCP.2024,verified,"Canonical registry record matches the verified retrieval ledger; citation, URL, rights, vintage, and annual review date are recorded.",c05bf1026f515dddc4b5658b50a76bc556d5d89aa291178e3c33025404699cfe,,,,2026-08-17T17:00:00+00:00,audit/dataflow-integrity,web-sources|web-calculator|web-catalog|package
sources.csv,SRC.SA.GCP.2024,SRC.SA.GCP.2024,verified,"Canonical registry record matches the verified retrieval ledger; citation, URL, rights, vintage, and annual review date are recorded.",c05bf1026f515dddc4b5658b50a76bc556d5d89aa291178e3c33025404699cfe,,,,2026-08-17T17:00:00+00:00,audit/dataflow-integrity,web-sources|web-calculator|web-catalog|package
sources.csv,SRC.SCOPE3.DATA_TRANSFER.2024,SRC.SCOPE3.DATA_TRANSFER.2024,verified,"Canonical registry record matches the verified retrieval ledger; citation, URL, rights, vintage, and annual review date are recorded.",09c70d3cb80ee558ccf2359a6a888c12eb725398f66688db5985d2410edf08f1,,,,2026-08-17T17:00:00+00:00,audit/dataflow-integrity,web-sources|web-calculator|web-catalog|package
sources.csv,SRC.SE.CARBON.2024,SRC.SE.CARBON.2024,verified,"Canonical registry record matches the verified retrieval ledger; citation, URL, rights, vintage, and annual review date are recorded.",9833bfdb3666c0001d575a0c1a72f9b21cc6ca16c2a9cf92b87e0da3e4ca0376,,,,2026-08-17T17:00:00+00:00,audit/dataflow-integrity,web-sources|web-calculator|web-catalog|package
sources.csv,SRC.SG.CARBON.2024,SRC.SG.CARBON.2024,verified,"Canonical registry record matches the verified retrieval ledger; citation, URL, rights, vintage, and annual review date are recorded.",9833bfdb3666c0001d575a0c1a72f9b21cc6ca16c2a9cf92b87e0da3e4ca0376,,,,2026-08-17T17:00:00+00:00,audit/dataflow-integrity,web-sources|web-calculator|web-catalog|package
sources.csv,SRC.SIPRI.2024,SRC.SIPRI.2024,verified,"Canonical registry record matches the verified retrieval ledger; citation, URL, rights, vintage, and annual review date are recorded.",778008d6dbf7a7503a3140d36a645cd525407f3ae0b8f7c18e4402f4750dc319,,,,2026-08-17T17:00:00+00:00,audit/dataflow-integrity,web-sources|web-calculator|web-catalog|package
sources.csv,SRC.STATCAN.COMMUTE.2021,SRC.STATCAN.COMMUTE.2021,verified,"Canonical registry record matches the verified retrieval ledger; citation, URL, rights, vintage, and annual review date are recorded.",1864419cd3dbe17e83a7ca5795d552934d05abc929a236539c52725d7fa32cb1,,,,2026-08-17T17:00:00+00:00,audit/dataflow-integrity,web-sources|web-calculator|web-catalog|package
sources.csv,SRC.STATCAN.POP.2023,SRC.STATCAN.POP.2023,verified,"Canonical registry record matches the verified retrieval ledger; citation, URL, rights, vintage, and annual review date are recorded.",a2b04392e078c804f087136d2f1b2c967c75305db302a5afff1c271c16ce0b0e,,,,2026-08-17T17:00:00+00:00,audit/dataflow-integrity,web-sources|web-calculator|web-catalog|package
sources.csv,SRC.TORONTO.WATER.AR2023,SRC.TORONTO.WATER.AR2023,verified,"Canonical registry record matches the verified retrieval ledger; citation, URL, rights, vintage, and annual review date are recorded.",6723acb41fadf27bf6b59672594913069c6073c17d9736730a6c81f8b0980a61,,,,2026-08-17T17:00:00+00:00,audit/dataflow-integrity,web-sources|web-calculator|web-catalog|package
sources.csv,SRC.TR.GCP.2024,SRC.TR.GCP.2024,verified,"Canonical registry record matches the verified retrieval ledger; citation, URL, rights, vintage, and annual review date are recorded.",c05bf1026f515dddc4b5658b50a76bc556d5d89aa291178e3c33025404699cfe,,,,2026-08-17T17:00:00+00:00,audit/dataflow-integrity,web-sources|web-calculator|web-catalog|package
sources.csv,SRC.UK.BEIS.GHGFACTORS.2023,SRC.UK.BEIS.GHGFACTORS.2023,verified,"Canonical registry record matches the verified retrieval ledger; citation, URL, rights, vintage, and annual review date are recorded.",e47a163feaec549ed5dd244ea6905280d5a28194f4240eb5d2fee5cb988f943b,,,,2026-08-17T17:00:00+00:00,audit/dataflow-integrity,web-sources|web-calculator|web-catalog|package
sources.csv,SRC.UK.ETS.2024,SRC.UK.ETS.2024,verified,"Canonical registry record matches the verified retrieval ledger; citation, URL, rights, vintage, and annual review date are recorded.",9833bfdb3666c0001d575a0c1a72f9b21cc6ca16c2a9cf92b87e0da3e4ca0376,,,,2026-08-17T17:00:00+00:00,audit/dataflow-integrity,web-sources|web-calculator|web-catalog|package
sources.csv,SRC.UN.LDC.2024,SRC.UN.LDC.2024,verified,"Canonical registry record matches the verified retrieval ledger; citation, URL, rights, vintage, and annual review date are recorded.",a5e343da9d7461870e6b27118f36d7103042e7c8d0c38319239545684df89ce0,,,,2026-08-17T17:00:00+00:00,audit/dataflow-integrity,web-sources|web-calculator|web-catalog|package
sources.csv,SRC.UN.SIDS.2024,SRC.UN.SIDS.2024,verified,"Canonical registry record matches the verified retrieval ledger; citation, URL, rights, vintage, and annual review date are recorded.",17f9094cc392a035025481705023e1ec9a8d377015aa98d984b538b893977fd0,,,,2026-08-17T17:00:00+00:00,audit/dataflow-integrity,web-sources|web-calculator|web-catalog|package
sources.csv,SRC.UNEP.2022,SRC.UNEP.2022,verified,"Canonical registry record matches the verified retrieval ledger; citation, URL, rights, vintage, and annual review date are recorded.",3c12452f84585651fc38245cfb04e4041f3b4657c9ec529277aea7674444c8df,,,,2026-08-17T17:00:00+00:00,audit/dataflow-integrity,web-sources|web-calculator|web-catalog|package
sources.csv,SRC.UNEP.TEAP.2023,SRC.UNEP.TEAP.2023,verified,"Canonical registry record matches the verified retrieval ledger; citation, URL, rights, vintage, and annual review date are recorded.",29a2823f7ddb17dc552edbb60957f00ad6ffbfacac6c1a6c6c40b7c282ee4675,,,,2026-08-17T17:00:00+00:00,audit/dataflow-integrity,web-sources|web-calculator|web-catalog|package
sources.csv,SRC.UNFCCC.2024,SRC.UNFCCC.2024,verified,"Canonical registry record matches the verified retrieval ledger; citation, URL, rights, vintage, and annual review date are recorded.",d02032286070b4dd9d8fbd985a7bdca8af8edf52b89ff177db3bfcb2c8a9c43d,,,,2026-08-17T17:00:00+00:00,audit/dataflow-integrity,web-sources|web-calculator|web-catalog|package
sources.csv,SRC.WA.CCA.2024,SRC.WA.CCA.2024,verified,"Canonical registry record matches the verified retrieval ledger; citation, URL, rights, vintage, and annual review date are recorded.",3fa8fade2473865492cbdd7fa119744a7ad1bc376527d972a65e6d5ea4440ba0,,,,2026-08-17T17:00:00+00:00,audit/dataflow-integrity,web-sources|web-calculator|web-catalog|package
sources.csv,SRC.WORLDSTEEL.2023,SRC.WORLDSTEEL.2023,verified,"Canonical registry record matches the verified retrieval ledger; citation, URL, rights, vintage, and annual review date are recorded.",21b843892784b91d4bd3f7e3f0f23cb092f31fabe10319e5029672a4ee9a9e3a,,,,2026-08-17T17:00:00+00:00,audit/dataflow-integrity,web-sources|web-calculator|web-catalog|package
sources.csv,SRC.WRAP.2023,SRC.WRAP.2023,verified,"Canonical registry record matches the verified retrieval ledger; citation, URL, rights, vintage, and annual review date are recorded.",c0b6d874f6a463ef312b4186165cbd43577bc96c4e08f80e5f557722b11a1911,,,,2026-08-17T17:00:00+00:00,audit/dataflow-integrity,web-sources|web-calculator|web-catalog|package
sources.csv,SRC.WRAP2017,SRC.WRAP2017,verified,"Canonical registry record matches the verified retrieval ledger; citation, URL, rights, vintage, and annual review date are recorded.",3dfa69aabdd52771ec89004e3e27a0d8a8c35a2e585143700eebc00391ddb561,,,,2026-08-17T17:00:00+00:00,audit/dataflow-integrity,web-sources|web-calculator|web-catalog|package
sources.csv,SRC.ZA.CARBON.2024,SRC.ZA.CARBON.2024,verified,"Canonical registry record matches the verified retrieval ledger; citation, URL, rights, vintage, and annual review date are recorded.",282d16801114e0d6d02268040af8bc81c17fe44b2cb4b5781a5a6acb08ba0bd6,,,,2026-08-17T17:00:00+00:00,audit/dataflow-integrity,web-sources|web-calculator|web-catalog|package
sources.csv,SRC.ZA.GCP.2024,SRC.ZA.GCP.2024,verified,"Canonical registry record matches the verified retrieval ledger; citation, URL, rights, vintage, and annual review date are recorded.",c05bf1026f515dddc4b5658b50a76bc556d5d89aa291178e3c33025404699cfe,,,,2026-08-17T17:00:00+00:00,audit/dataflow-integrity,web-sources|web-calculator|web-catalog|package
